Copyright 1986-2022 Xilinx, Inc. All Rights Reserved. Copyright 2022-2025 Advanced Micro Devices, Inc. All Rights Reserved.
---------------------------------------------------------------------------------------------------------------------------------------------------------------------------------------------------------------------
| Tool Version : Vivado v.2025.1 (win64) Build 6140274 Thu May 22 00:12:29 MDT 2025
| Date         : Wed Aug  5 23:10:21 2026
| Host         : DESKTOP-77IKTDK running 64-bit major release  (build 9200)
| Command      : report_timing_summary -max_paths 10 -routable_nets -report_unconstrained -file top_timing_summary_routed.rpt -pb top_timing_summary_routed.pb -rpx top_timing_summary_routed.rpx -warn_on_violation
| Design       : top
| Device       : 7a35t-cpg236
| Speed File   : -1  PRODUCTION 1.23 2018-06-13
| Design State : Routed
---------------------------------------------------------------------------------------------------------------------------------------------------------------------------------------------------------------------

Timing Summary Report

------------------------------------------------------------------------------------------------
| Timer Settings
| --------------
------------------------------------------------------------------------------------------------

  Enable Multi Corner Analysis               :  Yes
  Enable Pessimism Removal                   :  Yes
  Pessimism Removal Resolution               :  Nearest Common Node
  Enable Input Delay Default Clock           :  No
  Enable Preset / Clear Arcs                 :  No
  Disable Flight Delays                      :  No
  Ignore I/O Paths                           :  No
  Timing Early Launch at Borrowing Latches   :  No
  Borrow Time for Max Delay Exceptions       :  Yes
  Merge Timing Exceptions                    :  Yes
  Inter-SLR Compensation                     :  Conservative

  Corner  Analyze    Analyze    
  Name    Max Paths  Min Paths  
  ------  ---------  ---------  
  Slow    Yes        Yes        
  Fast    Yes        Yes        


------------------------------------------------------------------------------------------------
| Report Methodology
| ------------------
------------------------------------------------------------------------------------------------

Rule       Severity  Description                    Violations  
---------  --------  -----------------------------  ----------  
TIMING-18  Warning   Missing input or output delay  28          

Note: This report is based on the most recent report_methodology run and may not be up-to-date. Run report_methodology on the current design for the latest report.



check_timing report

Table of Contents
-----------------
1. checking no_clock (0)
2. checking constant_clock (0)
3. checking pulse_width_clock (0)
4. checking unconstrained_internal_endpoints (0)
5. checking no_input_delay (1)
6. checking no_output_delay (17)
7. checking multiple_clock (0)
8. checking generated_clocks (0)
9. checking loops (0)
10. checking partial_input_delay (0)
11. checking partial_output_delay (0)
12. checking latch_loops (0)

1. checking no_clock (0)
------------------------
 There are 0 register/latch pins with no clock.


2. checking constant_clock (0)
------------------------------
 There are 0 register/latch pins with constant_clock.


3. checking pulse_width_clock (0)
---------------------------------
 There are 0 register/latch pins which need pulse_width check


4. checking unconstrained_internal_endpoints (0)
------------------------------------------------
 There are 0 pins that are not constrained for maximum delay.

 There are 0 pins that are not constrained for maximum delay due to constant clock.


5. checking no_input_delay (1)
------------------------------
 There is 1 input port with no input delay specified. (HIGH)

 There are 0 input ports with no input delay but user has a false path constraint.


6. checking no_output_delay (17)
--------------------------------
 There are 17 ports with no output delay specified. (HIGH)

 There are 0 ports with no output delay but user has a false path constraint

 There are 0 ports with no output delay but with a timing clock defined on it or propagating through it


7. checking multiple_clock (0)
------------------------------
 There are 0 register/latch pins with multiple clocks.


8. checking generated_clocks (0)
--------------------------------
 There are 0 generated clocks that are not connected to a clock source.


9. checking loops (0)
---------------------
 There are 0 combinational loops in the design.


10. checking partial_input_delay (0)
------------------------------------
 There are 0 input ports with partial input delay specified.


11. checking partial_output_delay (0)
-------------------------------------
 There are 0 ports with partial output delay specified.


12. checking latch_loops (0)
----------------------------
 There are 0 combinational latch loops in the design through latch input



------------------------------------------------------------------------------------------------
| Design Timing Summary
| ---------------------
------------------------------------------------------------------------------------------------

    WNS(ns)      TNS(ns)  TNS Failing Endpoints  TNS Total Endpoints      WHS(ns)      THS(ns)  THS Failing Endpoints  THS Total Endpoints     WPWS(ns)     TPWS(ns)  TPWS Failing Endpoints  TPWS Total Endpoints  
    -------      -------  ---------------------  -------------------      -------      -------  ---------------------  -------------------     --------     --------  ----------------------  --------------------  
      1.867        0.000                      0                  245        0.243        0.000                      0                  245        4.500        0.000                       0                   126  


All user specified timing constraints are met.


------------------------------------------------------------------------------------------------
| Clock Summary
| -------------
------------------------------------------------------------------------------------------------

Clock        Waveform(ns)       Period(ns)      Frequency(MHz)
-----        ------------       ----------      --------------
sys_clk_pin  {0.000 5.000}      10.000          100.000         


------------------------------------------------------------------------------------------------
| Intra Clock Table
| -----------------
------------------------------------------------------------------------------------------------

Clock             WNS(ns)      TNS(ns)  TNS Failing Endpoints  TNS Total Endpoints      WHS(ns)      THS(ns)  THS Failing Endpoints  THS Total Endpoints     WPWS(ns)     TPWS(ns)  TPWS Failing Endpoints  TPWS Total Endpoints  
-----             -------      -------  ---------------------  -------------------      -------      -------  ---------------------  -------------------     --------     --------  ----------------------  --------------------  
sys_clk_pin         1.867        0.000                      0                  245        0.243        0.000                      0                  245        4.500        0.000                       0                   126  


------------------------------------------------------------------------------------------------
| Inter Clock Table
| -----------------
------------------------------------------------------------------------------------------------

From Clock    To Clock          WNS(ns)      TNS(ns)  TNS Failing Endpoints  TNS Total Endpoints      WHS(ns)      THS(ns)  THS Failing Endpoints  THS Total Endpoints  
----------    --------          -------      -------  ---------------------  -------------------      -------      -------  ---------------------  -------------------  


------------------------------------------------------------------------------------------------
| Other Path Groups Table
| -----------------------
------------------------------------------------------------------------------------------------

Path Group    From Clock    To Clock          WNS(ns)      TNS(ns)  TNS Failing Endpoints  TNS Total Endpoints      WHS(ns)      THS(ns)  THS Failing Endpoints  THS Total Endpoints  
----------    ----------    --------          -------      -------  ---------------------  -------------------      -------      -------  ---------------------  -------------------  


------------------------------------------------------------------------------------------------
| User Ignored Path Table
| -----------------------
------------------------------------------------------------------------------------------------

Path Group    From Clock    To Clock    
----------    ----------    --------    


------------------------------------------------------------------------------------------------
| Unconstrained Path Table
| ------------------------
------------------------------------------------------------------------------------------------

Path Group    From Clock    To Clock    
----------    ----------    --------    
(none)                                    
(none)        sys_clk_pin                 
(none)                      sys_clk_pin   


------------------------------------------------------------------------------------------------
| Timing Details
| --------------
------------------------------------------------------------------------------------------------


---------------------------------------------------------------------------------------------------
From Clock:  sys_clk_pin
  To Clock:  sys_clk_pin

Setup :            0  Failing Endpoints,  Worst Slack        1.867ns,  Total Violation        0.000ns
Hold  :            0  Failing Endpoints,  Worst Slack        0.243ns,  Total Violation        0.000ns
PW    :            0  Failing Endpoints,  Worst Slack        4.500ns,  Total Violation        0.000ns
---------------------------------------------------------------------------------------------------


Max Delay Paths
--------------------------------------------------------------------------------------
Slack (MET) :             1.867ns  (required time - arrival time)
  Source:                 cpu0/ir_reg[5]/C
                            (rising edge-triggered cell FDCE clocked by sys_clk_pin  {rise@0.000ns fall@5.000ns period=10.000ns})
  Destination:            cpu0/rf0/regs_reg[6][5]/D
                            (rising edge-triggered cell FDCE clocked by sys_clk_pin  {rise@0.000ns fall@5.000ns period=10.000ns})
  Path Group:             sys_clk_pin
  Path Type:              Setup (Max at Slow Process Corner)
  Requirement:            10.000ns  (sys_clk_pin rise@10.000ns - sys_clk_pin rise@0.000ns)
  Data Path Delay:        8.017ns  (logic 2.787ns (34.765%)  route 5.230ns (65.235%))
  Logic Levels:           8  (CARRY4=2 LUT2=1 LUT5=3 LUT6=2)
  Clock Path Skew:        -0.036ns (DCD - SCD + CPR)
    Destination Clock Delay (DCD):    4.846ns = ( 14.846 - 10.000 ) 
    Source Clock Delay      (SCD):    5.142ns
    Clock Pessimism Removal (CPR):    0.260ns
  Clock Uncertainty:      0.035ns  ((TSJ^2 + TIJ^2)^1/2 + DJ) / 2 + PE
    Total System Jitter     (TSJ):    0.071ns
    Total Input Jitter      (TIJ):    0.000ns
    Discrete Jitter          (DJ):    0.000ns
    Phase Error              (PE):    0.000ns

    Location             Delay type                Incr(ns)  Path(ns)    Netlist Resource(s)
  -------------------------------------------------------------------    -------------------
                         (clock sys_clk_pin rise edge)
                                                      0.000     0.000 r  
    W5                                                0.000     0.000 r  clk (IN)
                         net (fo=0)                   0.000     0.000    clk
    W5                   IBUF (Prop_ibuf_I_O)         1.458     1.458 r  clk_IBUF_inst/O
                         net (fo=1, routed)           1.967     3.425    clk_IBUF
    BUFGCTRL_X0Y0        BUFG (Prop_bufg_I_O)         0.096     3.521 r  clk_IBUF_BUFG_inst/O
                         net (fo=125, routed)         1.621     5.142    cpu0/CLK
    SLICE_X6Y28          FDCE                                         r  cpu0/ir_reg[5]/C
  -------------------------------------------------------------------    -------------------
    SLICE_X6Y28          FDCE (Prop_fdce_C_Q)         0.518     5.660 r  cpu0/ir_reg[5]/Q
                         net (fo=23, routed)          0.990     6.650    cpu0/rf0/Q[3]
    SLICE_X5Y25          LUT5 (Prop_lut5_I1_O)        0.150     6.800 r  cpu0/rf0/regs[1][7]_i_13/O
                         net (fo=18, routed)          0.846     7.646    cpu0/rf0/regs[1][7]_i_13_n_0
    SLICE_X3Y28          LUT5 (Prop_lut5_I4_O)        0.326     7.972 r  cpu0/rf0/regs[1][0]_i_5/O
                         net (fo=1, routed)           0.811     8.783    cpu0/rf0/regs[1][0]_i_5_n_0
    SLICE_X2Y26          LUT5 (Prop_lut5_I0_O)        0.152     8.935 r  cpu0/rf0/regs[1][0]_i_3/O
                         net (fo=3, routed)           0.878     9.813    cpu0/rf0/rs2_data[0]
    SLICE_X4Y26          LUT2 (Prop_lut2_I0_O)        0.348    10.161 r  cpu0/rf0/full_result0_carry_i_8/O
                         net (fo=1, routed)           0.000    10.161    cpu0/alu0/S[0]
    SLICE_X4Y26          CARRY4 (Prop_carry4_S[0]_CO[3])
                                                      0.532    10.693 r  cpu0/alu0/full_result0_carry/CO[3]
                         net (fo=1, routed)           0.000    10.693    cpu0/alu0/full_result0_carry_n_0
    SLICE_X4Y27          CARRY4 (Prop_carry4_CI_O[1])
                                                      0.334    11.027 r  cpu0/alu0/full_result0_carry__0/O[1]
                         net (fo=1, routed)           0.594    11.620    cpu0/rf0/O[1]
    SLICE_X2Y27          LUT6 (Prop_lut6_I0_O)        0.303    11.923 r  cpu0/rf0/regs[1][5]_i_4/O
                         net (fo=1, routed)           0.452    12.375    cpu0/rf0/regs[1][5]_i_4_n_0
    SLICE_X2Y27          LUT6 (Prop_lut6_I5_O)        0.124    12.499 r  cpu0/rf0/regs[1][5]_i_1/O
                         net (fo=7, routed)           0.660    13.159    cpu0/rf0/wr_data[5]
    SLICE_X2Y27          FDCE                                         r  cpu0/rf0/regs_reg[6][5]/D
  -------------------------------------------------------------------    -------------------

                         (clock sys_clk_pin rise edge)
                                                     10.000    10.000 r  
    W5                                                0.000    10.000 r  clk (IN)
                         net (fo=0)                   0.000    10.000    clk
    W5                   IBUF (Prop_ibuf_I_O)         1.388    11.388 r  clk_IBUF_inst/O
                         net (fo=1, routed)           1.862    13.250    clk_IBUF
    BUFGCTRL_X0Y0        BUFG (Prop_bufg_I_O)         0.091    13.341 r  clk_IBUF_BUFG_inst/O
                         net (fo=125, routed)         1.505    14.846    cpu0/rf0/CLK
    SLICE_X2Y27          FDCE                                         r  cpu0/rf0/regs_reg[6][5]/C
                         clock pessimism              0.260    15.106    
                         clock uncertainty           -0.035    15.071    
    SLICE_X2Y27          FDCE (Setup_fdce_C_D)       -0.045    15.026    cpu0/rf0/regs_reg[6][5]
  -------------------------------------------------------------------
                         required time                         15.026    
                         arrival time                         -13.159    
  -------------------------------------------------------------------
                         slack                                  1.867    

Slack (MET) :             1.940ns  (required time - arrival time)
  Source:                 cpu0/ir_reg[5]/C
                            (rising edge-triggered cell FDCE clocked by sys_clk_pin  {rise@0.000ns fall@5.000ns period=10.000ns})
  Destination:            cpu0/rf0/regs_reg[6][4]/D
                            (rising edge-triggered cell FDCE clocked by sys_clk_pin  {rise@0.000ns fall@5.000ns period=10.000ns})
  Path Group:             sys_clk_pin
  Path Type:              Setup (Max at Slow Process Corner)
  Requirement:            10.000ns  (sys_clk_pin rise@10.000ns - sys_clk_pin rise@0.000ns)
  Data Path Delay:        7.925ns  (logic 2.671ns (33.702%)  route 5.254ns (66.298%))
  Logic Levels:           8  (CARRY4=2 LUT2=1 LUT5=3 LUT6=2)
  Clock Path Skew:        -0.041ns (DCD - SCD + CPR)
    Destination Clock Delay (DCD):    4.841ns = ( 14.841 - 10.000 ) 
    Source Clock Delay      (SCD):    5.142ns
    Clock Pessimism Removal (CPR):    0.260ns
  Clock Uncertainty:      0.035ns  ((TSJ^2 + TIJ^2)^1/2 + DJ) / 2 + PE
    Total System Jitter     (TSJ):    0.071ns
    Total Input Jitter      (TIJ):    0.000ns
    Discrete Jitter          (DJ):    0.000ns
    Phase Error              (PE):    0.000ns

    Location             Delay type                Incr(ns)  Path(ns)    Netlist Resource(s)
  -------------------------------------------------------------------    -------------------
                         (clock sys_clk_pin rise edge)
                                                      0.000     0.000 r  
    W5                                                0.000     0.000 r  clk (IN)
                         net (fo=0)                   0.000     0.000    clk
    W5                   IBUF (Prop_ibuf_I_O)         1.458     1.458 r  clk_IBUF_inst/O
                         net (fo=1, routed)           1.967     3.425    clk_IBUF
    BUFGCTRL_X0Y0        BUFG (Prop_bufg_I_O)         0.096     3.521 r  clk_IBUF_BUFG_inst/O
                         net (fo=125, routed)         1.621     5.142    cpu0/CLK
    SLICE_X6Y28          FDCE                                         r  cpu0/ir_reg[5]/C
  -------------------------------------------------------------------    -------------------
    SLICE_X6Y28          FDCE (Prop_fdce_C_Q)         0.518     5.660 r  cpu0/ir_reg[5]/Q
                         net (fo=23, routed)          0.990     6.650    cpu0/rf0/Q[3]
    SLICE_X5Y25          LUT5 (Prop_lut5_I1_O)        0.150     6.800 r  cpu0/rf0/regs[1][7]_i_13/O
                         net (fo=18, routed)          0.846     7.646    cpu0/rf0/regs[1][7]_i_13_n_0
    SLICE_X3Y28          LUT5 (Prop_lut5_I4_O)        0.326     7.972 r  cpu0/rf0/regs[1][0]_i_5/O
                         net (fo=1, routed)           0.811     8.783    cpu0/rf0/regs[1][0]_i_5_n_0
    SLICE_X2Y26          LUT5 (Prop_lut5_I0_O)        0.152     8.935 r  cpu0/rf0/regs[1][0]_i_3/O
                         net (fo=3, routed)           0.878     9.813    cpu0/rf0/rs2_data[0]
    SLICE_X4Y26          LUT2 (Prop_lut2_I0_O)        0.348    10.161 r  cpu0/rf0/full_result0_carry_i_8/O
                         net (fo=1, routed)           0.000    10.161    cpu0/alu0/S[0]
    SLICE_X4Y26          CARRY4 (Prop_carry4_S[0]_CO[3])
                                                      0.532    10.693 r  cpu0/alu0/full_result0_carry/CO[3]
                         net (fo=1, routed)           0.000    10.693    cpu0/alu0/full_result0_carry_n_0
    SLICE_X4Y27          CARRY4 (Prop_carry4_CI_O[0])
                                                      0.222    10.915 r  cpu0/alu0/full_result0_carry__0/O[0]
                         net (fo=1, routed)           0.584    11.498    cpu0/rf0/O[0]
    SLICE_X5Y27          LUT6 (Prop_lut6_I1_O)        0.299    11.797 r  cpu0/rf0/regs[1][4]_i_4/O
                         net (fo=1, routed)           0.433    12.230    cpu0/rf0/regs[1][4]_i_4_n_0
    SLICE_X5Y27          LUT6 (Prop_lut6_I5_O)        0.124    12.354 r  cpu0/rf0/regs[1][4]_i_1/O
                         net (fo=7, routed)           0.713    13.068    cpu0/rf0/wr_data[4]
    SLICE_X5Y24          FDCE                                         r  cpu0/rf0/regs_reg[6][4]/D
  -------------------------------------------------------------------    -------------------

                         (clock sys_clk_pin rise edge)
                                                     10.000    10.000 r  
    W5                                                0.000    10.000 r  clk (IN)
                         net (fo=0)                   0.000    10.000    clk
    W5                   IBUF (Prop_ibuf_I_O)         1.388    11.388 r  clk_IBUF_inst/O
                         net (fo=1, routed)           1.862    13.250    clk_IBUF
    BUFGCTRL_X0Y0        BUFG (Prop_bufg_I_O)         0.091    13.341 r  clk_IBUF_BUFG_inst/O
                         net (fo=125, routed)         1.500    14.841    cpu0/rf0/CLK
    SLICE_X5Y24          FDCE                                         r  cpu0/rf0/regs_reg[6][4]/C
                         clock pessimism              0.260    15.101    
                         clock uncertainty           -0.035    15.066    
    SLICE_X5Y24          FDCE (Setup_fdce_C_D)       -0.058    15.008    cpu0/rf0/regs_reg[6][4]
  -------------------------------------------------------------------
                         required time                         15.008    
                         arrival time                         -13.068    
  -------------------------------------------------------------------
                         slack                                  1.940    

Slack (MET) :             1.944ns  (required time - arrival time)
  Source:                 cpu0/ir_reg[5]/C
                            (rising edge-triggered cell FDCE clocked by sys_clk_pin  {rise@0.000ns fall@5.000ns period=10.000ns})
  Destination:            cpu0/rf0/regs_reg[2][5]/D
                            (rising edge-triggered cell FDCE clocked by sys_clk_pin  {rise@0.000ns fall@5.000ns period=10.000ns})
  Path Group:             sys_clk_pin
  Path Type:              Setup (Max at Slow Process Corner)
  Requirement:            10.000ns  (sys_clk_pin rise@10.000ns - sys_clk_pin rise@0.000ns)
  Data Path Delay:        7.918ns  (logic 2.787ns (35.199%)  route 5.131ns (64.801%))
  Logic Levels:           8  (CARRY4=2 LUT2=1 LUT5=3 LUT6=2)
  Clock Path Skew:        -0.036ns (DCD - SCD + CPR)
    Destination Clock Delay (DCD):    4.846ns = ( 14.846 - 10.000 ) 
    Source Clock Delay      (SCD):    5.142ns
    Clock Pessimism Removal (CPR):    0.260ns
  Clock Uncertainty:      0.035ns  ((TSJ^2 + TIJ^2)^1/2 + DJ) / 2 + PE
    Total System Jitter     (TSJ):    0.071ns
    Total Input Jitter      (TIJ):    0.000ns
    Discrete Jitter          (DJ):    0.000ns
    Phase Error              (PE):    0.000ns

    Location             Delay type                Incr(ns)  Path(ns)    Netlist Resource(s)
  -------------------------------------------------------------------    -------------------
                         (clock sys_clk_pin rise edge)
                                                      0.000     0.000 r  
    W5                                                0.000     0.000 r  clk (IN)
                         net (fo=0)                   0.000     0.000    clk
    W5                   IBUF (Prop_ibuf_I_O)         1.458     1.458 r  clk_IBUF_inst/O
                         net (fo=1, routed)           1.967     3.425    clk_IBUF
    BUFGCTRL_X0Y0        BUFG (Prop_bufg_I_O)         0.096     3.521 r  clk_IBUF_BUFG_inst/O
                         net (fo=125, routed)         1.621     5.142    cpu0/CLK
    SLICE_X6Y28          FDCE                                         r  cpu0/ir_reg[5]/C
  -------------------------------------------------------------------    -------------------
    SLICE_X6Y28          FDCE (Prop_fdce_C_Q)         0.518     5.660 r  cpu0/ir_reg[5]/Q
                         net (fo=23, routed)          0.990     6.650    cpu0/rf0/Q[3]
    SLICE_X5Y25          LUT5 (Prop_lut5_I1_O)        0.150     6.800 r  cpu0/rf0/regs[1][7]_i_13/O
                         net (fo=18, routed)          0.846     7.646    cpu0/rf0/regs[1][7]_i_13_n_0
    SLICE_X3Y28          LUT5 (Prop_lut5_I4_O)        0.326     7.972 r  cpu0/rf0/regs[1][0]_i_5/O
                         net (fo=1, routed)           0.811     8.783    cpu0/rf0/regs[1][0]_i_5_n_0
    SLICE_X2Y26          LUT5 (Prop_lut5_I0_O)        0.152     8.935 r  cpu0/rf0/regs[1][0]_i_3/O
                         net (fo=3, routed)           0.878     9.813    cpu0/rf0/rs2_data[0]
    SLICE_X4Y26          LUT2 (Prop_lut2_I0_O)        0.348    10.161 r  cpu0/rf0/full_result0_carry_i_8/O
                         net (fo=1, routed)           0.000    10.161    cpu0/alu0/S[0]
    SLICE_X4Y26          CARRY4 (Prop_carry4_S[0]_CO[3])
                                                      0.532    10.693 r  cpu0/alu0/full_result0_carry/CO[3]
                         net (fo=1, routed)           0.000    10.693    cpu0/alu0/full_result0_carry_n_0
    SLICE_X4Y27          CARRY4 (Prop_carry4_CI_O[1])
                                                      0.334    11.027 r  cpu0/alu0/full_result0_carry__0/O[1]
                         net (fo=1, routed)           0.594    11.620    cpu0/rf0/O[1]
    SLICE_X2Y27          LUT6 (Prop_lut6_I0_O)        0.303    11.923 r  cpu0/rf0/regs[1][5]_i_4/O
                         net (fo=1, routed)           0.452    12.375    cpu0/rf0/regs[1][5]_i_4_n_0
    SLICE_X2Y27          LUT6 (Prop_lut6_I5_O)        0.124    12.499 r  cpu0/rf0/regs[1][5]_i_1/O
                         net (fo=7, routed)           0.561    13.060    cpu0/rf0/wr_data[5]
    SLICE_X1Y27          FDCE                                         r  cpu0/rf0/regs_reg[2][5]/D
  -------------------------------------------------------------------    -------------------

                         (clock sys_clk_pin rise edge)
                                                     10.000    10.000 r  
    W5                                                0.000    10.000 r  clk (IN)
                         net (fo=0)                   0.000    10.000    clk
    W5                   IBUF (Prop_ibuf_I_O)         1.388    11.388 r  clk_IBUF_inst/O
                         net (fo=1, routed)           1.862    13.250    clk_IBUF
    BUFGCTRL_X0Y0        BUFG (Prop_bufg_I_O)         0.091    13.341 r  clk_IBUF_BUFG_inst/O
                         net (fo=125, routed)         1.505    14.846    cpu0/rf0/CLK
    SLICE_X1Y27          FDCE                                         r  cpu0/rf0/regs_reg[2][5]/C
                         clock pessimism              0.260    15.106    
                         clock uncertainty           -0.035    15.071    
    SLICE_X1Y27          FDCE (Setup_fdce_C_D)       -0.067    15.004    cpu0/rf0/regs_reg[2][5]
  -------------------------------------------------------------------
                         required time                         15.004    
                         arrival time                         -13.060    
  -------------------------------------------------------------------
                         slack                                  1.944    

Slack (MET) :             1.977ns  (required time - arrival time)
  Source:                 cpu0/ir_reg[5]/C
                            (rising edge-triggered cell FDCE clocked by sys_clk_pin  {rise@0.000ns fall@5.000ns period=10.000ns})
  Destination:            cpu0/rf0/regs_reg[7][5]/D
                            (rising edge-triggered cell FDCE clocked by sys_clk_pin  {rise@0.000ns fall@5.000ns period=10.000ns})
  Path Group:             sys_clk_pin
  Path Type:              Setup (Max at Slow Process Corner)
  Requirement:            10.000ns  (sys_clk_pin rise@10.000ns - sys_clk_pin rise@0.000ns)
  Data Path Delay:        7.869ns  (logic 2.787ns (35.415%)  route 5.082ns (64.585%))
  Logic Levels:           8  (CARRY4=2 LUT2=1 LUT5=3 LUT6=2)
  Clock Path Skew:        -0.037ns (DCD - SCD + CPR)
    Destination Clock Delay (DCD):    4.845ns = ( 14.845 - 10.000 ) 
    Source Clock Delay      (SCD):    5.142ns
    Clock Pessimism Removal (CPR):    0.260ns
  Clock Uncertainty:      0.035ns  ((TSJ^2 + TIJ^2)^1/2 + DJ) / 2 + PE
    Total System Jitter     (TSJ):    0.071ns
    Total Input Jitter      (TIJ):    0.000ns
    Discrete Jitter          (DJ):    0.000ns
    Phase Error              (PE):    0.000ns

    Location             Delay type                Incr(ns)  Path(ns)    Netlist Resource(s)
  -------------------------------------------------------------------    -------------------
                         (clock sys_clk_pin rise edge)
                                                      0.000     0.000 r  
    W5                                                0.000     0.000 r  clk (IN)
                         net (fo=0)                   0.000     0.000    clk
    W5                   IBUF (Prop_ibuf_I_O)         1.458     1.458 r  clk_IBUF_inst/O
                         net (fo=1, routed)           1.967     3.425    clk_IBUF
    BUFGCTRL_X0Y0        BUFG (Prop_bufg_I_O)         0.096     3.521 r  clk_IBUF_BUFG_inst/O
                         net (fo=125, routed)         1.621     5.142    cpu0/CLK
    SLICE_X6Y28          FDCE                                         r  cpu0/ir_reg[5]/C
  -------------------------------------------------------------------    -------------------
    SLICE_X6Y28          FDCE (Prop_fdce_C_Q)         0.518     5.660 r  cpu0/ir_reg[5]/Q
                         net (fo=23, routed)          0.990     6.650    cpu0/rf0/Q[3]
    SLICE_X5Y25          LUT5 (Prop_lut5_I1_O)        0.150     6.800 r  cpu0/rf0/regs[1][7]_i_13/O
                         net (fo=18, routed)          0.846     7.646    cpu0/rf0/regs[1][7]_i_13_n_0
    SLICE_X3Y28          LUT5 (Prop_lut5_I4_O)        0.326     7.972 r  cpu0/rf0/regs[1][0]_i_5/O
                         net (fo=1, routed)           0.811     8.783    cpu0/rf0/regs[1][0]_i_5_n_0
    SLICE_X2Y26          LUT5 (Prop_lut5_I0_O)        0.152     8.935 r  cpu0/rf0/regs[1][0]_i_3/O
                         net (fo=3, routed)           0.878     9.813    cpu0/rf0/rs2_data[0]
    SLICE_X4Y26          LUT2 (Prop_lut2_I0_O)        0.348    10.161 r  cpu0/rf0/full_result0_carry_i_8/O
                         net (fo=1, routed)           0.000    10.161    cpu0/alu0/S[0]
    SLICE_X4Y26          CARRY4 (Prop_carry4_S[0]_CO[3])
                                                      0.532    10.693 r  cpu0/alu0/full_result0_carry/CO[3]
                         net (fo=1, routed)           0.000    10.693    cpu0/alu0/full_result0_carry_n_0
    SLICE_X4Y27          CARRY4 (Prop_carry4_CI_O[1])
                                                      0.334    11.027 r  cpu0/alu0/full_result0_carry__0/O[1]
                         net (fo=1, routed)           0.594    11.620    cpu0/rf0/O[1]
    SLICE_X2Y27          LUT6 (Prop_lut6_I0_O)        0.303    11.923 r  cpu0/rf0/regs[1][5]_i_4/O
                         net (fo=1, routed)           0.452    12.375    cpu0/rf0/regs[1][5]_i_4_n_0
    SLICE_X2Y27          LUT6 (Prop_lut6_I5_O)        0.124    12.499 r  cpu0/rf0/regs[1][5]_i_1/O
                         net (fo=7, routed)           0.512    13.012    cpu0/rf0/wr_data[5]
    SLICE_X1Y26          FDCE                                         r  cpu0/rf0/regs_reg[7][5]/D
  -------------------------------------------------------------------    -------------------

                         (clock sys_clk_pin rise edge)
                                                     10.000    10.000 r  
    W5                                                0.000    10.000 r  clk (IN)
                         net (fo=0)                   0.000    10.000    clk
    W5                   IBUF (Prop_ibuf_I_O)         1.388    11.388 r  clk_IBUF_inst/O
                         net (fo=1, routed)           1.862    13.250    clk_IBUF
    BUFGCTRL_X0Y0        BUFG (Prop_bufg_I_O)         0.091    13.341 r  clk_IBUF_BUFG_inst/O
                         net (fo=125, routed)         1.504    14.845    cpu0/rf0/CLK
    SLICE_X1Y26          FDCE                                         r  cpu0/rf0/regs_reg[7][5]/C
                         clock pessimism              0.260    15.105    
                         clock uncertainty           -0.035    15.070    
    SLICE_X1Y26          FDCE (Setup_fdce_C_D)       -0.081    14.989    cpu0/rf0/regs_reg[7][5]
  -------------------------------------------------------------------
                         required time                         14.989    
                         arrival time                         -13.012    
  -------------------------------------------------------------------
                         slack                                  1.977    

Slack (MET) :             1.988ns  (required time - arrival time)
  Source:                 cpu0/ir_reg[5]/C
                            (rising edge-triggered cell FDCE clocked by sys_clk_pin  {rise@0.000ns fall@5.000ns period=10.000ns})
  Destination:            cpu0/rf0/regs_reg[5][4]/D
                            (rising edge-triggered cell FDCE clocked by sys_clk_pin  {rise@0.000ns fall@5.000ns period=10.000ns})
  Path Group:             sys_clk_pin
  Path Type:              Setup (Max at Slow Process Corner)
  Requirement:            10.000ns  (sys_clk_pin rise@10.000ns - sys_clk_pin rise@0.000ns)
  Data Path Delay:        7.874ns  (logic 2.671ns (33.922%)  route 5.203ns (66.078%))
  Logic Levels:           8  (CARRY4=2 LUT2=1 LUT5=3 LUT6=2)
  Clock Path Skew:        -0.022ns (DCD - SCD + CPR)
    Destination Clock Delay (DCD):    4.847ns = ( 14.847 - 10.000 ) 
    Source Clock Delay      (SCD):    5.142ns
    Clock Pessimism Removal (CPR):    0.273ns
  Clock Uncertainty:      0.035ns  ((TSJ^2 + TIJ^2)^1/2 + DJ) / 2 + PE
    Total System Jitter     (TSJ):    0.071ns
    Total Input Jitter      (TIJ):    0.000ns
    Discrete Jitter          (DJ):    0.000ns
    Phase Error              (PE):    0.000ns

    Location             Delay type                Incr(ns)  Path(ns)    Netlist Resource(s)
  -------------------------------------------------------------------    -------------------
                         (clock sys_clk_pin rise edge)
                                                      0.000     0.000 r  
    W5                                                0.000     0.000 r  clk (IN)
                         net (fo=0)                   0.000     0.000    clk
    W5                   IBUF (Prop_ibuf_I_O)         1.458     1.458 r  clk_IBUF_inst/O
                         net (fo=1, routed)           1.967     3.425    clk_IBUF
    BUFGCTRL_X0Y0        BUFG (Prop_bufg_I_O)         0.096     3.521 r  clk_IBUF_BUFG_inst/O
                         net (fo=125, routed)         1.621     5.142    cpu0/CLK
    SLICE_X6Y28          FDCE                                         r  cpu0/ir_reg[5]/C
  -------------------------------------------------------------------    -------------------
    SLICE_X6Y28          FDCE (Prop_fdce_C_Q)         0.518     5.660 r  cpu0/ir_reg[5]/Q
                         net (fo=23, routed)          0.990     6.650    cpu0/rf0/Q[3]
    SLICE_X5Y25          LUT5 (Prop_lut5_I1_O)        0.150     6.800 r  cpu0/rf0/regs[1][7]_i_13/O
                         net (fo=18, routed)          0.846     7.646    cpu0/rf0/regs[1][7]_i_13_n_0
    SLICE_X3Y28          LUT5 (Prop_lut5_I4_O)        0.326     7.972 r  cpu0/rf0/regs[1][0]_i_5/O
                         net (fo=1, routed)           0.811     8.783    cpu0/rf0/regs[1][0]_i_5_n_0
    SLICE_X2Y26          LUT5 (Prop_lut5_I0_O)        0.152     8.935 r  cpu0/rf0/regs[1][0]_i_3/O
                         net (fo=3, routed)           0.878     9.813    cpu0/rf0/rs2_data[0]
    SLICE_X4Y26          LUT2 (Prop_lut2_I0_O)        0.348    10.161 r  cpu0/rf0/full_result0_carry_i_8/O
                         net (fo=1, routed)           0.000    10.161    cpu0/alu0/S[0]
    SLICE_X4Y26          CARRY4 (Prop_carry4_S[0]_CO[3])
                                                      0.532    10.693 r  cpu0/alu0/full_result0_carry/CO[3]
                         net (fo=1, routed)           0.000    10.693    cpu0/alu0/full_result0_carry_n_0
    SLICE_X4Y27          CARRY4 (Prop_carry4_CI_O[0])
                                                      0.222    10.915 r  cpu0/alu0/full_result0_carry__0/O[0]
                         net (fo=1, routed)           0.584    11.498    cpu0/rf0/O[0]
    SLICE_X5Y27          LUT6 (Prop_lut6_I1_O)        0.299    11.797 r  cpu0/rf0/regs[1][4]_i_4/O
                         net (fo=1, routed)           0.433    12.230    cpu0/rf0/regs[1][4]_i_4_n_0
    SLICE_X5Y27          LUT6 (Prop_lut6_I5_O)        0.124    12.354 r  cpu0/rf0/regs[1][4]_i_1/O
                         net (fo=7, routed)           0.662    13.016    cpu0/rf0/wr_data[4]
    SLICE_X4Y29          FDCE                                         r  cpu0/rf0/regs_reg[5][4]/D
  -------------------------------------------------------------------    -------------------

                         (clock sys_clk_pin rise edge)
                                                     10.000    10.000 r  
    W5                                                0.000    10.000 r  clk (IN)
                         net (fo=0)                   0.000    10.000    clk
    W5                   IBUF (Prop_ibuf_I_O)         1.388    11.388 r  clk_IBUF_inst/O
                         net (fo=1, routed)           1.862    13.250    clk_IBUF
    BUFGCTRL_X0Y0        BUFG (Prop_bufg_I_O)         0.091    13.341 r  clk_IBUF_BUFG_inst/O
                         net (fo=125, routed)         1.506    14.847    cpu0/rf0/CLK
    SLICE_X4Y29          FDCE                                         r  cpu0/rf0/regs_reg[5][4]/C
                         clock pessimism              0.273    15.120    
                         clock uncertainty           -0.035    15.085    
    SLICE_X4Y29          FDCE (Setup_fdce_C_D)       -0.081    15.004    cpu0/rf0/regs_reg[5][4]
  -------------------------------------------------------------------
                         required time                         15.004    
                         arrival time                         -13.016    
  -------------------------------------------------------------------
                         slack                                  1.988    

Slack (MET) :             2.003ns  (required time - arrival time)
  Source:                 cpu0/ir_reg[5]/C
                            (rising edge-triggered cell FDCE clocked by sys_clk_pin  {rise@0.000ns fall@5.000ns period=10.000ns})
  Destination:            cpu0/rf0/regs_reg[4][5]/D
                            (rising edge-triggered cell FDCE clocked by sys_clk_pin  {rise@0.000ns fall@5.000ns period=10.000ns})
  Path Group:             sys_clk_pin
  Path Type:              Setup (Max at Slow Process Corner)
  Requirement:            10.000ns  (sys_clk_pin rise@10.000ns - sys_clk_pin rise@0.000ns)
  Data Path Delay:        7.867ns  (logic 2.787ns (35.428%)  route 5.080ns (64.572%))
  Logic Levels:           8  (CARRY4=2 LUT2=1 LUT5=3 LUT6=2)
  Clock Path Skew:        -0.034ns (DCD - SCD + CPR)
    Destination Clock Delay (DCD):    4.848ns = ( 14.848 - 10.000 ) 
    Source Clock Delay      (SCD):    5.142ns
    Clock Pessimism Removal (CPR):    0.260ns
  Clock Uncertainty:      0.035ns  ((TSJ^2 + TIJ^2)^1/2 + DJ) / 2 + PE
    Total System Jitter     (TSJ):    0.071ns
    Total Input Jitter      (TIJ):    0.000ns
    Discrete Jitter          (DJ):    0.000ns
    Phase Error              (PE):    0.000ns

    Location             Delay type                Incr(ns)  Path(ns)    Netlist Resource(s)
  -------------------------------------------------------------------    -------------------
                         (clock sys_clk_pin rise edge)
                                                      0.000     0.000 r  
    W5                                                0.000     0.000 r  clk (IN)
                         net (fo=0)                   0.000     0.000    clk
    W5                   IBUF (Prop_ibuf_I_O)         1.458     1.458 r  clk_IBUF_inst/O
                         net (fo=1, routed)           1.967     3.425    clk_IBUF
    BUFGCTRL_X0Y0        BUFG (Prop_bufg_I_O)         0.096     3.521 r  clk_IBUF_BUFG_inst/O
                         net (fo=125, routed)         1.621     5.142    cpu0/CLK
    SLICE_X6Y28          FDCE                                         r  cpu0/ir_reg[5]/C
  -------------------------------------------------------------------    -------------------
    SLICE_X6Y28          FDCE (Prop_fdce_C_Q)         0.518     5.660 r  cpu0/ir_reg[5]/Q
                         net (fo=23, routed)          0.990     6.650    cpu0/rf0/Q[3]
    SLICE_X5Y25          LUT5 (Prop_lut5_I1_O)        0.150     6.800 r  cpu0/rf0/regs[1][7]_i_13/O
                         net (fo=18, routed)          0.846     7.646    cpu0/rf0/regs[1][7]_i_13_n_0
    SLICE_X3Y28          LUT5 (Prop_lut5_I4_O)        0.326     7.972 r  cpu0/rf0/regs[1][0]_i_5/O
                         net (fo=1, routed)           0.811     8.783    cpu0/rf0/regs[1][0]_i_5_n_0
    SLICE_X2Y26          LUT5 (Prop_lut5_I0_O)        0.152     8.935 r  cpu0/rf0/regs[1][0]_i_3/O
                         net (fo=3, routed)           0.878     9.813    cpu0/rf0/rs2_data[0]
    SLICE_X4Y26          LUT2 (Prop_lut2_I0_O)        0.348    10.161 r  cpu0/rf0/full_result0_carry_i_8/O
                         net (fo=1, routed)           0.000    10.161    cpu0/alu0/S[0]
    SLICE_X4Y26          CARRY4 (Prop_carry4_S[0]_CO[3])
                                                      0.532    10.693 r  cpu0/alu0/full_result0_carry/CO[3]
                         net (fo=1, routed)           0.000    10.693    cpu0/alu0/full_result0_carry_n_0
    SLICE_X4Y27          CARRY4 (Prop_carry4_CI_O[1])
                                                      0.334    11.027 r  cpu0/alu0/full_result0_carry__0/O[1]
                         net (fo=1, routed)           0.594    11.620    cpu0/rf0/O[1]
    SLICE_X2Y27          LUT6 (Prop_lut6_I0_O)        0.303    11.923 r  cpu0/rf0/regs[1][5]_i_4/O
                         net (fo=1, routed)           0.452    12.375    cpu0/rf0/regs[1][5]_i_4_n_0
    SLICE_X2Y27          LUT6 (Prop_lut6_I5_O)        0.124    12.499 r  cpu0/rf0/regs[1][5]_i_1/O
                         net (fo=7, routed)           0.510    13.009    cpu0/rf0/wr_data[5]
    SLICE_X3Y28          FDCE                                         r  cpu0/rf0/regs_reg[4][5]/D
  -------------------------------------------------------------------    -------------------

                         (clock sys_clk_pin rise edge)
                                                     10.000    10.000 r  
    W5                                                0.000    10.000 r  clk (IN)
                         net (fo=0)                   0.000    10.000    clk
    W5                   IBUF (Prop_ibuf_I_O)         1.388    11.388 r  clk_IBUF_inst/O
                         net (fo=1, routed)           1.862    13.250    clk_IBUF
    BUFGCTRL_X0Y0        BUFG (Prop_bufg_I_O)         0.091    13.341 r  clk_IBUF_BUFG_inst/O
                         net (fo=125, routed)         1.507    14.848    cpu0/rf0/CLK
    SLICE_X3Y28          FDCE                                         r  cpu0/rf0/regs_reg[4][5]/C
                         clock pessimism              0.260    15.108    
                         clock uncertainty           -0.035    15.073    
    SLICE_X3Y28          FDCE (Setup_fdce_C_D)       -0.061    15.012    cpu0/rf0/regs_reg[4][5]
  -------------------------------------------------------------------
                         required time                         15.012    
                         arrival time                         -13.009    
  -------------------------------------------------------------------
                         slack                                  2.003    

Slack (MET) :             2.032ns  (required time - arrival time)
  Source:                 cpu0/ir_reg[5]/C
                            (rising edge-triggered cell FDCE clocked by sys_clk_pin  {rise@0.000ns fall@5.000ns period=10.000ns})
  Destination:            cpu0/rf0/regs_reg[1][3]/D
                            (rising edge-triggered cell FDCE clocked by sys_clk_pin  {rise@0.000ns fall@5.000ns period=10.000ns})
  Path Group:             sys_clk_pin
  Path Type:              Setup (Max at Slow Process Corner)
  Requirement:            10.000ns  (sys_clk_pin rise@10.000ns - sys_clk_pin rise@0.000ns)
  Data Path Delay:        7.833ns  (logic 2.280ns (29.108%)  route 5.553ns (70.892%))
  Logic Levels:           7  (CARRY4=1 LUT2=1 LUT3=1 LUT5=2 LUT6=2)
  Clock Path Skew:        -0.039ns (DCD - SCD + CPR)
    Destination Clock Delay (DCD):    4.843ns = ( 14.843 - 10.000 ) 
    Source Clock Delay      (SCD):    5.142ns
    Clock Pessimism Removal (CPR):    0.260ns
  Clock Uncertainty:      0.035ns  ((TSJ^2 + TIJ^2)^1/2 + DJ) / 2 + PE
    Total System Jitter     (TSJ):    0.071ns
    Total Input Jitter      (TIJ):    0.000ns
    Discrete Jitter          (DJ):    0.000ns
    Phase Error              (PE):    0.000ns

    Location             Delay type                Incr(ns)  Path(ns)    Netlist Resource(s)
  -------------------------------------------------------------------    -------------------
                         (clock sys_clk_pin rise edge)
                                                      0.000     0.000 r  
    W5                                                0.000     0.000 r  clk (IN)
                         net (fo=0)                   0.000     0.000    clk
    W5                   IBUF (Prop_ibuf_I_O)         1.458     1.458 r  clk_IBUF_inst/O
                         net (fo=1, routed)           1.967     3.425    clk_IBUF
    BUFGCTRL_X0Y0        BUFG (Prop_bufg_I_O)         0.096     3.521 r  clk_IBUF_BUFG_inst/O
                         net (fo=125, routed)         1.621     5.142    cpu0/CLK
    SLICE_X6Y28          FDCE                                         r  cpu0/ir_reg[5]/C
  -------------------------------------------------------------------    -------------------
    SLICE_X6Y28          FDCE (Prop_fdce_C_Q)         0.518     5.660 r  cpu0/ir_reg[5]/Q
                         net (fo=23, routed)          1.189     6.849    cpu0/rf0/Q[3]
    SLICE_X6Y24          LUT5 (Prop_lut5_I1_O)        0.124     6.973 r  cpu0/rf0/full_result0_carry_i_19/O
                         net (fo=16, routed)          0.842     7.816    cpu0/rf0/full_result0_carry_i_19_n_0
    SLICE_X3Y28          LUT5 (Prop_lut5_I3_O)        0.124     7.940 r  cpu0/rf0/full_result0_carry_i_17/O
                         net (fo=3, routed)           1.030     8.970    cpu0/rf0/full_result0_carry_i_17_n_0
    SLICE_X2Y26          LUT3 (Prop_lut3_I2_O)        0.150     9.120 r  cpu0/rf0/regs[1][0]_i_2/O
                         net (fo=3, routed)           0.662     9.782    cpu0/rf0/rs1_data[0]
    SLICE_X3Y26          LUT2 (Prop_lut2_I0_O)        0.328    10.110 r  cpu0/rf0/i__carry_i_8/O
                         net (fo=1, routed)           0.000    10.110    cpu0/alu0/regs[1][0]_i_4_1[0]
    SLICE_X3Y26          CARRY4 (Prop_carry4_S[0]_O[3])
                                                      0.606    10.716 r  cpu0/alu0/full_result0_inferred__0/i__carry/O[3]
                         net (fo=1, routed)           0.647    11.364    cpu0/alu0/data1[3]
    SLICE_X5Y26          LUT6 (Prop_lut6_I0_O)        0.306    11.670 r  cpu0/alu0/regs[1][3]_i_4/O
                         net (fo=1, routed)           0.472    12.142    cpu0/rf0/regs_reg[7][3]_0
    SLICE_X5Y24          LUT6 (Prop_lut6_I5_O)        0.124    12.266 r  cpu0/rf0/regs[1][3]_i_1/O
                         net (fo=7, routed)           0.709    12.975    cpu0/rf0/wr_data[3]
    SLICE_X3Y24          FDCE                                         r  cpu0/rf0/regs_reg[1][3]/D
  -------------------------------------------------------------------    -------------------

                         (clock sys_clk_pin rise edge)
                                                     10.000    10.000 r  
    W5                                                0.000    10.000 r  clk (IN)
                         net (fo=0)                   0.000    10.000    clk
    W5                   IBUF (Prop_ibuf_I_O)         1.388    11.388 r  clk_IBUF_inst/O
                         net (fo=1, routed)           1.862    13.250    clk_IBUF
    BUFGCTRL_X0Y0        BUFG (Prop_bufg_I_O)         0.091    13.341 r  clk_IBUF_BUFG_inst/O
                         net (fo=125, routed)         1.502    14.843    cpu0/rf0/CLK
    SLICE_X3Y24          FDCE                                         r  cpu0/rf0/regs_reg[1][3]/C
                         clock pessimism              0.260    15.103    
                         clock uncertainty           -0.035    15.068    
    SLICE_X3Y24          FDCE (Setup_fdce_C_D)       -0.061    15.007    cpu0/rf0/regs_reg[1][3]
  -------------------------------------------------------------------
                         required time                         15.007    
                         arrival time                         -12.975    
  -------------------------------------------------------------------
                         slack                                  2.032    

Slack (MET) :             2.054ns  (required time - arrival time)
  Source:                 cpu0/ir_reg[5]/C
                            (rising edge-triggered cell FDCE clocked by sys_clk_pin  {rise@0.000ns fall@5.000ns period=10.000ns})
  Destination:            cpu0/rf0/regs_reg[2][3]/D
                            (rising edge-triggered cell FDCE clocked by sys_clk_pin  {rise@0.000ns fall@5.000ns period=10.000ns})
  Path Group:             sys_clk_pin
  Path Type:              Setup (Max at Slow Process Corner)
  Requirement:            10.000ns  (sys_clk_pin rise@10.000ns - sys_clk_pin rise@0.000ns)
  Data Path Delay:        7.811ns  (logic 2.280ns (29.191%)  route 5.531ns (70.809%))
  Logic Levels:           7  (CARRY4=1 LUT2=1 LUT3=1 LUT5=2 LUT6=2)
  Clock Path Skew:        -0.039ns (DCD - SCD + CPR)
    Destination Clock Delay (DCD):    4.843ns = ( 14.843 - 10.000 ) 
    Source Clock Delay      (SCD):    5.142ns
    Clock Pessimism Removal (CPR):    0.260ns
  Clock Uncertainty:      0.035ns  ((TSJ^2 + TIJ^2)^1/2 + DJ) / 2 + PE
    Total System Jitter     (TSJ):    0.071ns
    Total Input Jitter      (TIJ):    0.000ns
    Discrete Jitter          (DJ):    0.000ns
    Phase Error              (PE):    0.000ns

    Location             Delay type                Incr(ns)  Path(ns)    Netlist Resource(s)
  -------------------------------------------------------------------    -------------------
                         (clock sys_clk_pin rise edge)
                                                      0.000     0.000 r  
    W5                                                0.000     0.000 r  clk (IN)
                         net (fo=0)                   0.000     0.000    clk
    W5                   IBUF (Prop_ibuf_I_O)         1.458     1.458 r  clk_IBUF_inst/O
                         net (fo=1, routed)           1.967     3.425    clk_IBUF
    BUFGCTRL_X0Y0        BUFG (Prop_bufg_I_O)         0.096     3.521 r  clk_IBUF_BUFG_inst/O
                         net (fo=125, routed)         1.621     5.142    cpu0/CLK
    SLICE_X6Y28          FDCE                                         r  cpu0/ir_reg[5]/C
  -------------------------------------------------------------------    -------------------
    SLICE_X6Y28          FDCE (Prop_fdce_C_Q)         0.518     5.660 r  cpu0/ir_reg[5]/Q
                         net (fo=23, routed)          1.189     6.849    cpu0/rf0/Q[3]
    SLICE_X6Y24          LUT5 (Prop_lut5_I1_O)        0.124     6.973 r  cpu0/rf0/full_result0_carry_i_19/O
                         net (fo=16, routed)          0.842     7.816    cpu0/rf0/full_result0_carry_i_19_n_0
    SLICE_X3Y28          LUT5 (Prop_lut5_I3_O)        0.124     7.940 r  cpu0/rf0/full_result0_carry_i_17/O
                         net (fo=3, routed)           1.030     8.970    cpu0/rf0/full_result0_carry_i_17_n_0
    SLICE_X2Y26          LUT3 (Prop_lut3_I2_O)        0.150     9.120 r  cpu0/rf0/regs[1][0]_i_2/O
                         net (fo=3, routed)           0.662     9.782    cpu0/rf0/rs1_data[0]
    SLICE_X3Y26          LUT2 (Prop_lut2_I0_O)        0.328    10.110 r  cpu0/rf0/i__carry_i_8/O
                         net (fo=1, routed)           0.000    10.110    cpu0/alu0/regs[1][0]_i_4_1[0]
    SLICE_X3Y26          CARRY4 (Prop_carry4_S[0]_O[3])
                                                      0.606    10.716 r  cpu0/alu0/full_result0_inferred__0/i__carry/O[3]
                         net (fo=1, routed)           0.647    11.364    cpu0/alu0/data1[3]
    SLICE_X5Y26          LUT6 (Prop_lut6_I0_O)        0.306    11.670 r  cpu0/alu0/regs[1][3]_i_4/O
                         net (fo=1, routed)           0.472    12.142    cpu0/rf0/regs_reg[7][3]_0
    SLICE_X5Y24          LUT6 (Prop_lut6_I5_O)        0.124    12.266 r  cpu0/rf0/regs[1][3]_i_1/O
                         net (fo=7, routed)           0.687    12.953    cpu0/rf0/wr_data[3]
    SLICE_X3Y25          FDCE                                         r  cpu0/rf0/regs_reg[2][3]/D
  -------------------------------------------------------------------    -------------------

                         (clock sys_clk_pin rise edge)
                                                     10.000    10.000 r  
    W5                                                0.000    10.000 r  clk (IN)
                         net (fo=0)                   0.000    10.000    clk
    W5                   IBUF (Prop_ibuf_I_O)         1.388    11.388 r  clk_IBUF_inst/O
                         net (fo=1, routed)           1.862    13.250    clk_IBUF
    BUFGCTRL_X0Y0        BUFG (Prop_bufg_I_O)         0.091    13.341 r  clk_IBUF_BUFG_inst/O
                         net (fo=125, routed)         1.502    14.843    cpu0/rf0/CLK
    SLICE_X3Y25          FDCE                                         r  cpu0/rf0/regs_reg[2][3]/C
                         clock pessimism              0.260    15.103    
                         clock uncertainty           -0.035    15.068    
    SLICE_X3Y25          FDCE (Setup_fdce_C_D)       -0.061    15.007    cpu0/rf0/regs_reg[2][3]
  -------------------------------------------------------------------
                         required time                         15.007    
                         arrival time                         -12.953    
  -------------------------------------------------------------------
                         slack                                  2.054    

Slack (MET) :             2.113ns  (required time - arrival time)
  Source:                 cpu0/ir_reg[5]/C
                            (rising edge-triggered cell FDCE clocked by sys_clk_pin  {rise@0.000ns fall@5.000ns period=10.000ns})
  Destination:            cpu0/rf0/regs_reg[1][5]/D
                            (rising edge-triggered cell FDCE clocked by sys_clk_pin  {rise@0.000ns fall@5.000ns period=10.000ns})
  Path Group:             sys_clk_pin
  Path Type:              Setup (Max at Slow Process Corner)
  Requirement:            10.000ns  (sys_clk_pin rise@10.000ns - sys_clk_pin rise@0.000ns)
  Data Path Delay:        7.748ns  (logic 2.787ns (35.971%)  route 4.961ns (64.029%))
  Logic Levels:           8  (CARRY4=2 LUT2=1 LUT5=3 LUT6=2)
  Clock Path Skew:        -0.037ns (DCD - SCD + CPR)
    Destination Clock Delay (DCD):    4.845ns = ( 14.845 - 10.000 ) 
    Source Clock Delay      (SCD):    5.142ns
    Clock Pessimism Removal (CPR):    0.260ns
  Clock Uncertainty:      0.035ns  ((TSJ^2 + TIJ^2)^1/2 + DJ) / 2 + PE
    Total System Jitter     (TSJ):    0.071ns
    Total Input Jitter      (TIJ):    0.000ns
    Discrete Jitter          (DJ):    0.000ns
    Phase Error              (PE):    0.000ns

    Location             Delay type                Incr(ns)  Path(ns)    Netlist Resource(s)
  -------------------------------------------------------------------    -------------------
                         (clock sys_clk_pin rise edge)
                                                      0.000     0.000 r  
    W5                                                0.000     0.000 r  clk (IN)
                         net (fo=0)                   0.000     0.000    clk
    W5                   IBUF (Prop_ibuf_I_O)         1.458     1.458 r  clk_IBUF_inst/O
                         net (fo=1, routed)           1.967     3.425    clk_IBUF
    BUFGCTRL_X0Y0        BUFG (Prop_bufg_I_O)         0.096     3.521 r  clk_IBUF_BUFG_inst/O
                         net (fo=125, routed)         1.621     5.142    cpu0/CLK
    SLICE_X6Y28          FDCE                                         r  cpu0/ir_reg[5]/C
  -------------------------------------------------------------------    -------------------
    SLICE_X6Y28          FDCE (Prop_fdce_C_Q)         0.518     5.660 r  cpu0/ir_reg[5]/Q
                         net (fo=23, routed)          0.990     6.650    cpu0/rf0/Q[3]
    SLICE_X5Y25          LUT5 (Prop_lut5_I1_O)        0.150     6.800 r  cpu0/rf0/regs[1][7]_i_13/O
                         net (fo=18, routed)          0.846     7.646    cpu0/rf0/regs[1][7]_i_13_n_0
    SLICE_X3Y28          LUT5 (Prop_lut5_I4_O)        0.326     7.972 r  cpu0/rf0/regs[1][0]_i_5/O
                         net (fo=1, routed)           0.811     8.783    cpu0/rf0/regs[1][0]_i_5_n_0
    SLICE_X2Y26          LUT5 (Prop_lut5_I0_O)        0.152     8.935 r  cpu0/rf0/regs[1][0]_i_3/O
                         net (fo=3, routed)           0.878     9.813    cpu0/rf0/rs2_data[0]
    SLICE_X4Y26          LUT2 (Prop_lut2_I0_O)        0.348    10.161 r  cpu0/rf0/full_result0_carry_i_8/O
                         net (fo=1, routed)           0.000    10.161    cpu0/alu0/S[0]
    SLICE_X4Y26          CARRY4 (Prop_carry4_S[0]_CO[3])
                                                      0.532    10.693 r  cpu0/alu0/full_result0_carry/CO[3]
                         net (fo=1, routed)           0.000    10.693    cpu0/alu0/full_result0_carry_n_0
    SLICE_X4Y27          CARRY4 (Prop_carry4_CI_O[1])
                                                      0.334    11.027 r  cpu0/alu0/full_result0_carry__0/O[1]
                         net (fo=1, routed)           0.594    11.620    cpu0/rf0/O[1]
    SLICE_X2Y27          LUT6 (Prop_lut6_I0_O)        0.303    11.923 r  cpu0/rf0/regs[1][5]_i_4/O
                         net (fo=1, routed)           0.452    12.375    cpu0/rf0/regs[1][5]_i_4_n_0
    SLICE_X2Y27          LUT6 (Prop_lut6_I5_O)        0.124    12.499 r  cpu0/rf0/regs[1][5]_i_1/O
                         net (fo=7, routed)           0.391    12.890    cpu0/rf0/wr_data[5]
    SLICE_X0Y26          FDCE                                         r  cpu0/rf0/regs_reg[1][5]/D
  -------------------------------------------------------------------    -------------------

                         (clock sys_clk_pin rise edge)
                                                     10.000    10.000 r  
    W5                                                0.000    10.000 r  clk (IN)
                         net (fo=0)                   0.000    10.000    clk
    W5                   IBUF (Prop_ibuf_I_O)         1.388    11.388 r  clk_IBUF_inst/O
                         net (fo=1, routed)           1.862    13.250    clk_IBUF
    BUFGCTRL_X0Y0        BUFG (Prop_bufg_I_O)         0.091    13.341 r  clk_IBUF_BUFG_inst/O
                         net (fo=125, routed)         1.504    14.845    cpu0/rf0/CLK
    SLICE_X0Y26          FDCE                                         r  cpu0/rf0/regs_reg[1][5]/C
                         clock pessimism              0.260    15.105    
                         clock uncertainty           -0.035    15.070    
    SLICE_X0Y26          FDCE (Setup_fdce_C_D)       -0.067    15.003    cpu0/rf0/regs_reg[1][5]
  -------------------------------------------------------------------
                         required time                         15.003    
                         arrival time                         -12.890    
  -------------------------------------------------------------------
                         slack                                  2.113    

Slack (MET) :             2.123ns  (required time - arrival time)
  Source:                 cpu0/ir_reg[5]/C
                            (rising edge-triggered cell FDCE clocked by sys_clk_pin  {rise@0.000ns fall@5.000ns period=10.000ns})
  Destination:            cpu0/rf0/regs_reg[2][4]/D
                            (rising edge-triggered cell FDCE clocked by sys_clk_pin  {rise@0.000ns fall@5.000ns period=10.000ns})
  Path Group:             sys_clk_pin
  Path Type:              Setup (Max at Slow Process Corner)
  Requirement:            10.000ns  (sys_clk_pin rise@10.000ns - sys_clk_pin rise@0.000ns)
  Data Path Delay:        7.744ns  (logic 2.671ns (34.490%)  route 5.073ns (65.510%))
  Logic Levels:           8  (CARRY4=2 LUT2=1 LUT5=3 LUT6=2)
  Clock Path Skew:        -0.039ns (DCD - SCD + CPR)
    Destination Clock Delay (DCD):    4.843ns = ( 14.843 - 10.000 ) 
    Source Clock Delay      (SCD):    5.142ns
    Clock Pessimism Removal (CPR):    0.260ns
  Clock Uncertainty:      0.035ns  ((TSJ^2 + TIJ^2)^1/2 + DJ) / 2 + PE
    Total System Jitter     (TSJ):    0.071ns
    Total Input Jitter      (TIJ):    0.000ns
    Discrete Jitter          (DJ):    0.000ns
    Phase Error              (PE):    0.000ns

    Location             Delay type                Incr(ns)  Path(ns)    Netlist Resource(s)
  -------------------------------------------------------------------    -------------------
                         (clock sys_clk_pin rise edge)
                                                      0.000     0.000 r  
    W5                                                0.000     0.000 r  clk (IN)
                         net (fo=0)                   0.000     0.000    clk
    W5                   IBUF (Prop_ibuf_I_O)         1.458     1.458 r  clk_IBUF_inst/O
                         net (fo=1, routed)           1.967     3.425    clk_IBUF
    BUFGCTRL_X0Y0        BUFG (Prop_bufg_I_O)         0.096     3.521 r  clk_IBUF_BUFG_inst/O
                         net (fo=125, routed)         1.621     5.142    cpu0/CLK
    SLICE_X6Y28          FDCE                                         r  cpu0/ir_reg[5]/C
  -------------------------------------------------------------------    -------------------
    SLICE_X6Y28          FDCE (Prop_fdce_C_Q)         0.518     5.660 r  cpu0/ir_reg[5]/Q
                         net (fo=23, routed)          0.990     6.650    cpu0/rf0/Q[3]
    SLICE_X5Y25          LUT5 (Prop_lut5_I1_O)        0.150     6.800 r  cpu0/rf0/regs[1][7]_i_13/O
                         net (fo=18, routed)          0.846     7.646    cpu0/rf0/regs[1][7]_i_13_n_0
    SLICE_X3Y28          LUT5 (Prop_lut5_I4_O)        0.326     7.972 r  cpu0/rf0/regs[1][0]_i_5/O
                         net (fo=1, routed)           0.811     8.783    cpu0/rf0/regs[1][0]_i_5_n_0
    SLICE_X2Y26          LUT5 (Prop_lut5_I0_O)        0.152     8.935 r  cpu0/rf0/regs[1][0]_i_3/O
                         net (fo=3, routed)           0.878     9.813    cpu0/rf0/rs2_data[0]
    SLICE_X4Y26          LUT2 (Prop_lut2_I0_O)        0.348    10.161 r  cpu0/rf0/full_result0_carry_i_8/O
                         net (fo=1, routed)           0.000    10.161    cpu0/alu0/S[0]
    SLICE_X4Y26          CARRY4 (Prop_carry4_S[0]_CO[3])
                                                      0.532    10.693 r  cpu0/alu0/full_result0_carry/CO[3]
                         net (fo=1, routed)           0.000    10.693    cpu0/alu0/full_result0_carry_n_0
    SLICE_X4Y27          CARRY4 (Prop_carry4_CI_O[0])
                                                      0.222    10.915 r  cpu0/alu0/full_result0_carry__0/O[0]
                         net (fo=1, routed)           0.584    11.498    cpu0/rf0/O[0]
    SLICE_X5Y27          LUT6 (Prop_lut6_I1_O)        0.299    11.797 r  cpu0/rf0/regs[1][4]_i_4/O
                         net (fo=1, routed)           0.433    12.230    cpu0/rf0/regs[1][4]_i_4_n_0
    SLICE_X5Y27          LUT6 (Prop_lut6_I5_O)        0.124    12.354 r  cpu0/rf0/regs[1][4]_i_1/O
                         net (fo=7, routed)           0.532    12.886    cpu0/rf0/wr_data[4]
    SLICE_X3Y25          FDCE                                         r  cpu0/rf0/regs_reg[2][4]/D
  -------------------------------------------------------------------    -------------------

                         (clock sys_clk_pin rise edge)
                                                     10.000    10.000 r  
    W5                                                0.000    10.000 r  clk (IN)
                         net (fo=0)                   0.000    10.000    clk
    W5                   IBUF (Prop_ibuf_I_O)         1.388    11.388 r  clk_IBUF_inst/O
                         net (fo=1, routed)           1.862    13.250    clk_IBUF
    BUFGCTRL_X0Y0        BUFG (Prop_bufg_I_O)         0.091    13.341 r  clk_IBUF_BUFG_inst/O
                         net (fo=125, routed)         1.502    14.843    cpu0/rf0/CLK
    SLICE_X3Y25          FDCE                                         r  cpu0/rf0/regs_reg[2][4]/C
                         clock pessimism              0.260    15.103    
                         clock uncertainty           -0.035    15.068    
    SLICE_X3Y25          FDCE (Setup_fdce_C_D)       -0.058    15.010    cpu0/rf0/regs_reg[2][4]
  -------------------------------------------------------------------
                         required time                         15.010    
                         arrival time                         -12.886    
  -------------------------------------------------------------------
                         slack                                  2.123    





Min Delay Paths
--------------------------------------------------------------------------------------
Slack (MET) :             0.243ns  (arrival time - required time)
  Source:                 cpu0/FSM_onehot_state_reg[2]/C
                            (rising edge-triggered cell FDCE clocked by sys_clk_pin  {rise@0.000ns fall@5.000ns period=10.000ns})
  Destination:            cpu0/FSM_onehot_state_reg[0]/D
                            (rising edge-triggered cell FDPE clocked by sys_clk_pin  {rise@0.000ns fall@5.000ns period=10.000ns})
  Path Group:             sys_clk_pin
  Path Type:              Hold (Min at Fast Process Corner)
  Requirement:            0.000ns  (sys_clk_pin rise@0.000ns - sys_clk_pin rise@0.000ns)
  Data Path Delay:        0.364ns  (logic 0.246ns (67.570%)  route 0.118ns (32.430%))
  Logic Levels:           1  (LUT3=1)
  Clock Path Skew:        0.000ns (DCD - SCD - CPR)
    Destination Clock Delay (DCD):    1.975ns
    Source Clock Delay      (SCD):    1.463ns
    Clock Pessimism Removal (CPR):    0.512ns

    Location             Delay type                Incr(ns)  Path(ns)    Netlist Resource(s)
  -------------------------------------------------------------------    -------------------
                         (clock sys_clk_pin rise edge)
                                                      0.000     0.000 r  
    W5                                                0.000     0.000 r  clk (IN)
                         net (fo=0)                   0.000     0.000    clk
    W5                   IBUF (Prop_ibuf_I_O)         0.226     0.226 r  clk_IBUF_inst/O
                         net (fo=1, routed)           0.631     0.858    clk_IBUF
    BUFGCTRL_X0Y0        BUFG (Prop_bufg_I_O)         0.026     0.884 r  clk_IBUF_BUFG_inst/O
                         net (fo=125, routed)         0.580     1.463    cpu0/CLK
    SLICE_X6Y24          FDCE                                         r  cpu0/FSM_onehot_state_reg[2]/C
  -------------------------------------------------------------------    -------------------
    SLICE_X6Y24          FDCE (Prop_fdce_C_Q)         0.148     1.611 r  cpu0/FSM_onehot_state_reg[2]/Q
                         net (fo=17, routed)          0.118     1.729    cpu0/FSM_onehot_state_reg_n_0_[2]
    SLICE_X6Y24          LUT3 (Prop_lut3_I0_O)        0.098     1.827 r  cpu0/FSM_onehot_state[0]_i_1/O
                         net (fo=1, routed)           0.000     1.827    cpu0/FSM_onehot_state[0]_i_1_n_0
    SLICE_X6Y24          FDPE                                         r  cpu0/FSM_onehot_state_reg[0]/D
  -------------------------------------------------------------------    -------------------

                         (clock sys_clk_pin rise edge)
                                                      0.000     0.000 r  
    W5                                                0.000     0.000 r  clk (IN)
                         net (fo=0)                   0.000     0.000    clk
    W5                   IBUF (Prop_ibuf_I_O)         0.414     0.414 r  clk_IBUF_inst/O
                         net (fo=1, routed)           0.685     1.099    clk_IBUF
    BUFGCTRL_X0Y0        BUFG (Prop_bufg_I_O)         0.029     1.128 r  clk_IBUF_BUFG_inst/O
                         net (fo=125, routed)         0.848     1.975    cpu0/CLK
    SLICE_X6Y24          FDPE                                         r  cpu0/FSM_onehot_state_reg[0]/C
                         clock pessimism             -0.512     1.463    
    SLICE_X6Y24          FDPE (Hold_fdpe_C_D)         0.121     1.584    cpu0/FSM_onehot_state_reg[0]
  -------------------------------------------------------------------
                         required time                         -1.584    
                         arrival time                           1.827    
  -------------------------------------------------------------------
                         slack                                  0.243    

Slack (MET) :             0.249ns  (arrival time - required time)
  Source:                 cpu0/ir2_reg[1]/C
                            (rising edge-triggered cell FDCE clocked by sys_clk_pin  {rise@0.000ns fall@5.000ns period=10.000ns})
  Destination:            cpu0/pc_reg[1]/D
                            (rising edge-triggered cell FDCE clocked by sys_clk_pin  {rise@0.000ns fall@5.000ns period=10.000ns})
  Path Group:             sys_clk_pin
  Path Type:              Hold (Min at Fast Process Corner)
  Requirement:            0.000ns  (sys_clk_pin rise@0.000ns - sys_clk_pin rise@0.000ns)
  Data Path Delay:        0.352ns  (logic 0.186ns (52.898%)  route 0.166ns (47.102%))
  Logic Levels:           1  (LUT6=1)
  Clock Path Skew:        0.011ns (DCD - SCD - CPR)
    Destination Clock Delay (DCD):    1.976ns
    Source Clock Delay      (SCD):    1.466ns
    Clock Pessimism Removal (CPR):    0.499ns

    Location             Delay type                Incr(ns)  Path(ns)    Netlist Resource(s)
  -------------------------------------------------------------------    -------------------
                         (clock sys_clk_pin rise edge)
                                                      0.000     0.000 r  
    W5                                                0.000     0.000 r  clk (IN)
                         net (fo=0)                   0.000     0.000    clk
    W5                   IBUF (Prop_ibuf_I_O)         0.226     0.226 r  clk_IBUF_inst/O
                         net (fo=1, routed)           0.631     0.858    clk_IBUF
    BUFGCTRL_X0Y0        BUFG (Prop_bufg_I_O)         0.026     0.884 r  clk_IBUF_BUFG_inst/O
                         net (fo=125, routed)         0.583     1.466    cpu0/CLK
    SLICE_X7Y27          FDCE                                         r  cpu0/ir2_reg[1]/C
  -------------------------------------------------------------------    -------------------
    SLICE_X7Y27          FDCE (Prop_fdce_C_Q)         0.141     1.607 r  cpu0/ir2_reg[1]/Q
                         net (fo=3, routed)           0.166     1.773    cpu0/ir2_reg_n_0_[1]
    SLICE_X7Y26          LUT6 (Prop_lut6_I0_O)        0.045     1.818 r  cpu0/pc[1]_i_1/O
                         net (fo=1, routed)           0.000     1.818    cpu0/pc[1]_i_1_n_0
    SLICE_X7Y26          FDCE                                         r  cpu0/pc_reg[1]/D
  -------------------------------------------------------------------    -------------------

                         (clock sys_clk_pin rise edge)
                                                      0.000     0.000 r  
    W5                                                0.000     0.000 r  clk (IN)
                         net (fo=0)                   0.000     0.000    clk
    W5                   IBUF (Prop_ibuf_I_O)         0.414     0.414 r  clk_IBUF_inst/O
                         net (fo=1, routed)           0.685     1.099    clk_IBUF
    BUFGCTRL_X0Y0        BUFG (Prop_bufg_I_O)         0.029     1.128 r  clk_IBUF_BUFG_inst/O
                         net (fo=125, routed)         0.849     1.976    cpu0/CLK
    SLICE_X7Y26          FDCE                                         r  cpu0/pc_reg[1]/C
                         clock pessimism             -0.499     1.477    
    SLICE_X7Y26          FDCE (Hold_fdce_C_D)         0.092     1.569    cpu0/pc_reg[1]
  -------------------------------------------------------------------
                         required time                         -1.569    
                         arrival time                           1.818    
  -------------------------------------------------------------------
                         slack                                  0.249    

Slack (MET) :             0.262ns  (arrival time - required time)
  Source:                 cpu_cnt_reg[19]/C
                            (rising edge-triggered cell FDRE clocked by sys_clk_pin  {rise@0.000ns fall@5.000ns period=10.000ns})
  Destination:            cpu_cnt_reg[19]/D
                            (rising edge-triggered cell FDRE clocked by sys_clk_pin  {rise@0.000ns fall@5.000ns period=10.000ns})
  Path Group:             sys_clk_pin
  Path Type:              Hold (Min at Fast Process Corner)
  Requirement:            0.000ns  (sys_clk_pin rise@0.000ns - sys_clk_pin rise@0.000ns)
  Data Path Delay:        0.367ns  (logic 0.249ns (67.829%)  route 0.118ns (32.171%))
  Logic Levels:           1  (CARRY4=1)
  Clock Path Skew:        0.000ns (DCD - SCD - CPR)
    Destination Clock Delay (DCD):    1.979ns
    Source Clock Delay      (SCD):    1.466ns
    Clock Pessimism Removal (CPR):    0.513ns

    Location             Delay type                Incr(ns)  Path(ns)    Netlist Resource(s)
  -------------------------------------------------------------------    -------------------
                         (clock sys_clk_pin rise edge)
                                                      0.000     0.000 r  
    W5                                                0.000     0.000 r  clk (IN)
                         net (fo=0)                   0.000     0.000    clk
    W5                   IBUF (Prop_ibuf_I_O)         0.226     0.226 r  clk_IBUF_inst/O
                         net (fo=1, routed)           0.631     0.858    clk_IBUF
    BUFGCTRL_X0Y0        BUFG (Prop_bufg_I_O)         0.026     0.884 r  clk_IBUF_BUFG_inst/O
                         net (fo=125, routed)         0.583     1.466    clk_IBUF_BUFG
    SLICE_X5Y21          FDRE                                         r  cpu_cnt_reg[19]/C
  -------------------------------------------------------------------    -------------------
    SLICE_X5Y21          FDRE (Prop_fdre_C_Q)         0.141     1.607 r  cpu_cnt_reg[19]/Q
                         net (fo=2, routed)           0.118     1.725    cpu_cnt_reg[19]
    SLICE_X5Y21          CARRY4 (Prop_carry4_S[3]_O[3])
                                                      0.108     1.833 r  cpu_cnt_reg[16]_i_1/O[3]
                         net (fo=1, routed)           0.000     1.833    cpu_cnt_reg[16]_i_1_n_4
    SLICE_X5Y21          FDRE                                         r  cpu_cnt_reg[19]/D
  -------------------------------------------------------------------    -------------------

                         (clock sys_clk_pin rise edge)
                                                      0.000     0.000 r  
    W5                                                0.000     0.000 r  clk (IN)
                         net (fo=0)                   0.000     0.000    clk
    W5                   IBUF (Prop_ibuf_I_O)         0.414     0.414 r  clk_IBUF_inst/O
                         net (fo=1, routed)           0.685     1.099    clk_IBUF
    BUFGCTRL_X0Y0        BUFG (Prop_bufg_I_O)         0.029     1.128 r  clk_IBUF_BUFG_inst/O
                         net (fo=125, routed)         0.852     1.979    clk_IBUF_BUFG
    SLICE_X5Y21          FDRE                                         r  cpu_cnt_reg[19]/C
                         clock pessimism             -0.513     1.466    
    SLICE_X5Y21          FDRE (Hold_fdre_C_D)         0.105     1.571    cpu_cnt_reg[19]
  -------------------------------------------------------------------
                         required time                         -1.571    
                         arrival time                           1.833    
  -------------------------------------------------------------------
                         slack                                  0.262    

Slack (MET) :             0.263ns  (arrival time - required time)
  Source:                 cpu_cnt_reg[23]/C
                            (rising edge-triggered cell FDRE clocked by sys_clk_pin  {rise@0.000ns fall@5.000ns period=10.000ns})
  Destination:            cpu_cnt_reg[23]/D
                            (rising edge-triggered cell FDRE clocked by sys_clk_pin  {rise@0.000ns fall@5.000ns period=10.000ns})
  Path Group:             sys_clk_pin
  Path Type:              Hold (Min at Fast Process Corner)
  Requirement:            0.000ns  (sys_clk_pin rise@0.000ns - sys_clk_pin rise@0.000ns)
  Data Path Delay:        0.368ns  (logic 0.249ns (67.612%)  route 0.119ns (32.388%))
  Logic Levels:           1  (CARRY4=1)
  Clock Path Skew:        0.000ns (DCD - SCD - CPR)
    Destination Clock Delay (DCD):    1.978ns
    Source Clock Delay      (SCD):    1.466ns
    Clock Pessimism Removal (CPR):    0.512ns

    Location             Delay type                Incr(ns)  Path(ns)    Netlist Resource(s)
  -------------------------------------------------------------------    -------------------
                         (clock sys_clk_pin rise edge)
                                                      0.000     0.000 r  
    W5                                                0.000     0.000 r  clk (IN)
                         net (fo=0)                   0.000     0.000    clk
    W5                   IBUF (Prop_ibuf_I_O)         0.226     0.226 r  clk_IBUF_inst/O
                         net (fo=1, routed)           0.631     0.858    clk_IBUF
    BUFGCTRL_X0Y0        BUFG (Prop_bufg_I_O)         0.026     0.884 r  clk_IBUF_BUFG_inst/O
                         net (fo=125, routed)         0.583     1.466    clk_IBUF_BUFG
    SLICE_X5Y22          FDRE                                         r  cpu_cnt_reg[23]/C
  -------------------------------------------------------------------    -------------------
    SLICE_X5Y22          FDRE (Prop_fdre_C_Q)         0.141     1.607 r  cpu_cnt_reg[23]/Q
                         net (fo=2, routed)           0.119     1.726    cpu_cnt_reg[23]
    SLICE_X5Y22          CARRY4 (Prop_carry4_S[3]_O[3])
                                                      0.108     1.834 r  cpu_cnt_reg[20]_i_1/O[3]
                         net (fo=1, routed)           0.000     1.834    cpu_cnt_reg[20]_i_1_n_4
    SLICE_X5Y22          FDRE                                         r  cpu_cnt_reg[23]/D
  -------------------------------------------------------------------    -------------------

                         (clock sys_clk_pin rise edge)
                                                      0.000     0.000 r  
    W5                                                0.000     0.000 r  clk (IN)
                         net (fo=0)                   0.000     0.000    clk
    W5                   IBUF (Prop_ibuf_I_O)         0.414     0.414 r  clk_IBUF_inst/O
                         net (fo=1, routed)           0.685     1.099    clk_IBUF
    BUFGCTRL_X0Y0        BUFG (Prop_bufg_I_O)         0.029     1.128 r  clk_IBUF_BUFG_inst/O
                         net (fo=125, routed)         0.851     1.978    clk_IBUF_BUFG
    SLICE_X5Y22          FDRE                                         r  cpu_cnt_reg[23]/C
                         clock pessimism             -0.512     1.466    
    SLICE_X5Y22          FDRE (Hold_fdre_C_D)         0.105     1.571    cpu_cnt_reg[23]
  -------------------------------------------------------------------
                         required time                         -1.571    
                         arrival time                           1.834    
  -------------------------------------------------------------------
                         slack                                  0.263    

Slack (MET) :             0.263ns  (arrival time - required time)
  Source:                 cpu_cnt_reg[7]/C
                            (rising edge-triggered cell FDRE clocked by sys_clk_pin  {rise@0.000ns fall@5.000ns period=10.000ns})
  Destination:            cpu_cnt_reg[7]/D
                            (rising edge-triggered cell FDRE clocked by sys_clk_pin  {rise@0.000ns fall@5.000ns period=10.000ns})
  Path Group:             sys_clk_pin
  Path Type:              Hold (Min at Fast Process Corner)
  Requirement:            0.000ns  (sys_clk_pin rise@0.000ns - sys_clk_pin rise@0.000ns)
  Data Path Delay:        0.368ns  (logic 0.249ns (67.612%)  route 0.119ns (32.388%))
  Logic Levels:           1  (CARRY4=1)
  Clock Path Skew:        0.000ns (DCD - SCD - CPR)
    Destination Clock Delay (DCD):    1.982ns
    Source Clock Delay      (SCD):    1.469ns
    Clock Pessimism Removal (CPR):    0.513ns

    Location             Delay type                Incr(ns)  Path(ns)    Netlist Resource(s)
  -------------------------------------------------------------------    -------------------
                         (clock sys_clk_pin rise edge)
                                                      0.000     0.000 r  
    W5                                                0.000     0.000 r  clk (IN)
                         net (fo=0)                   0.000     0.000    clk
    W5                   IBUF (Prop_ibuf_I_O)         0.226     0.226 r  clk_IBUF_inst/O
                         net (fo=1, routed)           0.631     0.858    clk_IBUF
    BUFGCTRL_X0Y0        BUFG (Prop_bufg_I_O)         0.026     0.884 r  clk_IBUF_BUFG_inst/O
                         net (fo=125, routed)         0.586     1.469    clk_IBUF_BUFG
    SLICE_X5Y18          FDRE                                         r  cpu_cnt_reg[7]/C
  -------------------------------------------------------------------    -------------------
    SLICE_X5Y18          FDRE (Prop_fdre_C_Q)         0.141     1.610 r  cpu_cnt_reg[7]/Q
                         net (fo=2, routed)           0.119     1.729    cpu_cnt_reg[7]
    SLICE_X5Y18          CARRY4 (Prop_carry4_S[3]_O[3])
                                                      0.108     1.837 r  cpu_cnt_reg[4]_i_1/O[3]
                         net (fo=1, routed)           0.000     1.837    cpu_cnt_reg[4]_i_1_n_4
    SLICE_X5Y18          FDRE                                         r  cpu_cnt_reg[7]/D
  -------------------------------------------------------------------    -------------------

                         (clock sys_clk_pin rise edge)
                                                      0.000     0.000 r  
    W5                                                0.000     0.000 r  clk (IN)
                         net (fo=0)                   0.000     0.000    clk
    W5                   IBUF (Prop_ibuf_I_O)         0.414     0.414 r  clk_IBUF_inst/O
                         net (fo=1, routed)           0.685     1.099    clk_IBUF
    BUFGCTRL_X0Y0        BUFG (Prop_bufg_I_O)         0.029     1.128 r  clk_IBUF_BUFG_inst/O
                         net (fo=125, routed)         0.855     1.982    clk_IBUF_BUFG
    SLICE_X5Y18          FDRE                                         r  cpu_cnt_reg[7]/C
                         clock pessimism             -0.513     1.469    
    SLICE_X5Y18          FDRE (Hold_fdre_C_D)         0.105     1.574    cpu_cnt_reg[7]
  -------------------------------------------------------------------
                         required time                         -1.574    
                         arrival time                           1.837    
  -------------------------------------------------------------------
                         slack                                  0.263    

Slack (MET) :             0.264ns  (arrival time - required time)
  Source:                 cpu_cnt_reg[15]/C
                            (rising edge-triggered cell FDRE clocked by sys_clk_pin  {rise@0.000ns fall@5.000ns period=10.000ns})
  Destination:            cpu_cnt_reg[15]/D
                            (rising edge-triggered cell FDRE clocked by sys_clk_pin  {rise@0.000ns fall@5.000ns period=10.000ns})
  Path Group:             sys_clk_pin
  Path Type:              Hold (Min at Fast Process Corner)
  Requirement:            0.000ns  (sys_clk_pin rise@0.000ns - sys_clk_pin rise@0.000ns)
  Data Path Delay:        0.369ns  (logic 0.249ns (67.424%)  route 0.120ns (32.576%))
  Logic Levels:           1  (CARRY4=1)
  Clock Path Skew:        0.000ns (DCD - SCD - CPR)
    Destination Clock Delay (DCD):    1.980ns
    Source Clock Delay      (SCD):    1.467ns
    Clock Pessimism Removal (CPR):    0.513ns

    Location             Delay type                Incr(ns)  Path(ns)    Netlist Resource(s)
  -------------------------------------------------------------------    -------------------
                         (clock sys_clk_pin rise edge)
                                                      0.000     0.000 r  
    W5                                                0.000     0.000 r  clk (IN)
                         net (fo=0)                   0.000     0.000    clk
    W5                   IBUF (Prop_ibuf_I_O)         0.226     0.226 r  clk_IBUF_inst/O
                         net (fo=1, routed)           0.631     0.858    clk_IBUF
    BUFGCTRL_X0Y0        BUFG (Prop_bufg_I_O)         0.026     0.884 r  clk_IBUF_BUFG_inst/O
                         net (fo=125, routed)         0.584     1.467    clk_IBUF_BUFG
    SLICE_X5Y20          FDRE                                         r  cpu_cnt_reg[15]/C
  -------------------------------------------------------------------    -------------------
    SLICE_X5Y20          FDRE (Prop_fdre_C_Q)         0.141     1.608 r  cpu_cnt_reg[15]/Q
                         net (fo=2, routed)           0.120     1.728    cpu_cnt_reg[15]
    SLICE_X5Y20          CARRY4 (Prop_carry4_S[3]_O[3])
                                                      0.108     1.836 r  cpu_cnt_reg[12]_i_1/O[3]
                         net (fo=1, routed)           0.000     1.836    cpu_cnt_reg[12]_i_1_n_4
    SLICE_X5Y20          FDRE                                         r  cpu_cnt_reg[15]/D
  -------------------------------------------------------------------    -------------------

                         (clock sys_clk_pin rise edge)
                                                      0.000     0.000 r  
    W5                                                0.000     0.000 r  clk (IN)
                         net (fo=0)                   0.000     0.000    clk
    W5                   IBUF (Prop_ibuf_I_O)         0.414     0.414 r  clk_IBUF_inst/O
                         net (fo=1, routed)           0.685     1.099    clk_IBUF
    BUFGCTRL_X0Y0        BUFG (Prop_bufg_I_O)         0.029     1.128 r  clk_IBUF_BUFG_inst/O
                         net (fo=125, routed)         0.853     1.980    clk_IBUF_BUFG
    SLICE_X5Y20          FDRE                                         r  cpu_cnt_reg[15]/C
                         clock pessimism             -0.513     1.467    
    SLICE_X5Y20          FDRE (Hold_fdre_C_D)         0.105     1.572    cpu_cnt_reg[15]
  -------------------------------------------------------------------
                         required time                         -1.572    
                         arrival time                           1.836    
  -------------------------------------------------------------------
                         slack                                  0.264    

Slack (MET) :             0.264ns  (arrival time - required time)
  Source:                 cpu_cnt_reg[11]/C
                            (rising edge-triggered cell FDRE clocked by sys_clk_pin  {rise@0.000ns fall@5.000ns period=10.000ns})
  Destination:            cpu_cnt_reg[11]/D
                            (rising edge-triggered cell FDRE clocked by sys_clk_pin  {rise@0.000ns fall@5.000ns period=10.000ns})
  Path Group:             sys_clk_pin
  Path Type:              Hold (Min at Fast Process Corner)
  Requirement:            0.000ns  (sys_clk_pin rise@0.000ns - sys_clk_pin rise@0.000ns)
  Data Path Delay:        0.369ns  (logic 0.249ns (67.424%)  route 0.120ns (32.576%))
  Logic Levels:           1  (CARRY4=1)
  Clock Path Skew:        0.000ns (DCD - SCD - CPR)
    Destination Clock Delay (DCD):    1.981ns
    Source Clock Delay      (SCD):    1.468ns
    Clock Pessimism Removal (CPR):    0.513ns

    Location             Delay type                Incr(ns)  Path(ns)    Netlist Resource(s)
  -------------------------------------------------------------------    -------------------
                         (clock sys_clk_pin rise edge)
                                                      0.000     0.000 r  
    W5                                                0.000     0.000 r  clk (IN)
                         net (fo=0)                   0.000     0.000    clk
    W5                   IBUF (Prop_ibuf_I_O)         0.226     0.226 r  clk_IBUF_inst/O
                         net (fo=1, routed)           0.631     0.858    clk_IBUF
    BUFGCTRL_X0Y0        BUFG (Prop_bufg_I_O)         0.026     0.884 r  clk_IBUF_BUFG_inst/O
                         net (fo=125, routed)         0.585     1.468    clk_IBUF_BUFG
    SLICE_X5Y19          FDRE                                         r  cpu_cnt_reg[11]/C
  -------------------------------------------------------------------    -------------------
    SLICE_X5Y19          FDRE (Prop_fdre_C_Q)         0.141     1.609 r  cpu_cnt_reg[11]/Q
                         net (fo=2, routed)           0.120     1.729    cpu_cnt_reg[11]
    SLICE_X5Y19          CARRY4 (Prop_carry4_S[3]_O[3])
                                                      0.108     1.837 r  cpu_cnt_reg[8]_i_1/O[3]
                         net (fo=1, routed)           0.000     1.837    cpu_cnt_reg[8]_i_1_n_4
    SLICE_X5Y19          FDRE                                         r  cpu_cnt_reg[11]/D
  -------------------------------------------------------------------    -------------------

                         (clock sys_clk_pin rise edge)
                                                      0.000     0.000 r  
    W5                                                0.000     0.000 r  clk (IN)
                         net (fo=0)                   0.000     0.000    clk
    W5                   IBUF (Prop_ibuf_I_O)         0.414     0.414 r  clk_IBUF_inst/O
                         net (fo=1, routed)           0.685     1.099    clk_IBUF
    BUFGCTRL_X0Y0        BUFG (Prop_bufg_I_O)         0.029     1.128 r  clk_IBUF_BUFG_inst/O
                         net (fo=125, routed)         0.854     1.981    clk_IBUF_BUFG
    SLICE_X5Y19          FDRE                                         r  cpu_cnt_reg[11]/C
                         clock pessimism             -0.513     1.468    
    SLICE_X5Y19          FDRE (Hold_fdre_C_D)         0.105     1.573    cpu_cnt_reg[11]
  -------------------------------------------------------------------
                         required time                         -1.573    
                         arrival time                           1.837    
  -------------------------------------------------------------------
                         slack                                  0.264    

Slack (MET) :             0.264ns  (arrival time - required time)
  Source:                 cpu_cnt_reg[3]/C
                            (rising edge-triggered cell FDRE clocked by sys_clk_pin  {rise@0.000ns fall@5.000ns period=10.000ns})
  Destination:            cpu_cnt_reg[3]/D
                            (rising edge-triggered cell FDRE clocked by sys_clk_pin  {rise@0.000ns fall@5.000ns period=10.000ns})
  Path Group:             sys_clk_pin
  Path Type:              Hold (Min at Fast Process Corner)
  Requirement:            0.000ns  (sys_clk_pin rise@0.000ns - sys_clk_pin rise@0.000ns)
  Data Path Delay:        0.369ns  (logic 0.249ns (67.412%)  route 0.120ns (32.588%))
  Logic Levels:           1  (CARRY4=1)
  Clock Path Skew:        0.000ns (DCD - SCD - CPR)
    Destination Clock Delay (DCD):    1.983ns
    Source Clock Delay      (SCD):    1.470ns
    Clock Pessimism Removal (CPR):    0.513ns

    Location             Delay type                Incr(ns)  Path(ns)    Netlist Resource(s)
  -------------------------------------------------------------------    -------------------
                         (clock sys_clk_pin rise edge)
                                                      0.000     0.000 r  
    W5                                                0.000     0.000 r  clk (IN)
                         net (fo=0)                   0.000     0.000    clk
    W5                   IBUF (Prop_ibuf_I_O)         0.226     0.226 r  clk_IBUF_inst/O
                         net (fo=1, routed)           0.631     0.858    clk_IBUF
    BUFGCTRL_X0Y0        BUFG (Prop_bufg_I_O)         0.026     0.884 r  clk_IBUF_BUFG_inst/O
                         net (fo=125, routed)         0.587     1.470    clk_IBUF_BUFG
    SLICE_X5Y17          FDRE                                         r  cpu_cnt_reg[3]/C
  -------------------------------------------------------------------    -------------------
    SLICE_X5Y17          FDRE (Prop_fdre_C_Q)         0.141     1.611 r  cpu_cnt_reg[3]/Q
                         net (fo=2, routed)           0.120     1.731    cpu_cnt_reg[3]
    SLICE_X5Y17          CARRY4 (Prop_carry4_S[3]_O[3])
                                                      0.108     1.839 r  cpu_cnt_reg[0]_i_2/O[3]
                         net (fo=1, routed)           0.000     1.839    cpu_cnt_reg[0]_i_2_n_4
    SLICE_X5Y17          FDRE                                         r  cpu_cnt_reg[3]/D
  -------------------------------------------------------------------    -------------------

                         (clock sys_clk_pin rise edge)
                                                      0.000     0.000 r  
    W5                                                0.000     0.000 r  clk (IN)
                         net (fo=0)                   0.000     0.000    clk
    W5                   IBUF (Prop_ibuf_I_O)         0.414     0.414 r  clk_IBUF_inst/O
                         net (fo=1, routed)           0.685     1.099    clk_IBUF
    BUFGCTRL_X0Y0        BUFG (Prop_bufg_I_O)         0.029     1.128 r  clk_IBUF_BUFG_inst/O
                         net (fo=125, routed)         0.856     1.983    clk_IBUF_BUFG
    SLICE_X5Y17          FDRE                                         r  cpu_cnt_reg[3]/C
                         clock pessimism             -0.513     1.470    
    SLICE_X5Y17          FDRE (Hold_fdre_C_D)         0.105     1.575    cpu_cnt_reg[3]
  -------------------------------------------------------------------
                         required time                         -1.575    
                         arrival time                           1.839    
  -------------------------------------------------------------------
                         slack                                  0.264    

Slack (MET) :             0.265ns  (arrival time - required time)
  Source:                 cpu_cnt_reg[12]/C
                            (rising edge-triggered cell FDRE clocked by sys_clk_pin  {rise@0.000ns fall@5.000ns period=10.000ns})
  Destination:            cpu_cnt_reg[12]/D
                            (rising edge-triggered cell FDRE clocked by sys_clk_pin  {rise@0.000ns fall@5.000ns period=10.000ns})
  Path Group:             sys_clk_pin
  Path Type:              Hold (Min at Fast Process Corner)
  Requirement:            0.000ns  (sys_clk_pin rise@0.000ns - sys_clk_pin rise@0.000ns)
  Data Path Delay:        0.370ns  (logic 0.256ns (69.181%)  route 0.114ns (30.819%))
  Logic Levels:           1  (CARRY4=1)
  Clock Path Skew:        0.000ns (DCD - SCD - CPR)
    Destination Clock Delay (DCD):    1.980ns
    Source Clock Delay      (SCD):    1.467ns
    Clock Pessimism Removal (CPR):    0.513ns

    Location             Delay type                Incr(ns)  Path(ns)    Netlist Resource(s)
  -------------------------------------------------------------------    -------------------
                         (clock sys_clk_pin rise edge)
                                                      0.000     0.000 r  
    W5                                                0.000     0.000 r  clk (IN)
                         net (fo=0)                   0.000     0.000    clk
    W5                   IBUF (Prop_ibuf_I_O)         0.226     0.226 r  clk_IBUF_inst/O
                         net (fo=1, routed)           0.631     0.858    clk_IBUF
    BUFGCTRL_X0Y0        BUFG (Prop_bufg_I_O)         0.026     0.884 r  clk_IBUF_BUFG_inst/O
                         net (fo=125, routed)         0.584     1.467    clk_IBUF_BUFG
    SLICE_X5Y20          FDRE                                         r  cpu_cnt_reg[12]/C
  -------------------------------------------------------------------    -------------------
    SLICE_X5Y20          FDRE (Prop_fdre_C_Q)         0.141     1.608 r  cpu_cnt_reg[12]/Q
                         net (fo=2, routed)           0.114     1.722    cpu_cnt_reg[12]
    SLICE_X5Y20          CARRY4 (Prop_carry4_S[0]_O[0])
                                                      0.115     1.837 r  cpu_cnt_reg[12]_i_1/O[0]
                         net (fo=1, routed)           0.000     1.837    cpu_cnt_reg[12]_i_1_n_7
    SLICE_X5Y20          FDRE                                         r  cpu_cnt_reg[12]/D
  -------------------------------------------------------------------    -------------------

                         (clock sys_clk_pin rise edge)
                                                      0.000     0.000 r  
    W5                                                0.000     0.000 r  clk (IN)
                         net (fo=0)                   0.000     0.000    clk
    W5                   IBUF (Prop_ibuf_I_O)         0.414     0.414 r  clk_IBUF_inst/O
                         net (fo=1, routed)           0.685     1.099    clk_IBUF
    BUFGCTRL_X0Y0        BUFG (Prop_bufg_I_O)         0.029     1.128 r  clk_IBUF_BUFG_inst/O
                         net (fo=125, routed)         0.853     1.980    clk_IBUF_BUFG
    SLICE_X5Y20          FDRE                                         r  cpu_cnt_reg[12]/C
                         clock pessimism             -0.513     1.467    
    SLICE_X5Y20          FDRE (Hold_fdre_C_D)         0.105     1.572    cpu_cnt_reg[12]
  -------------------------------------------------------------------
                         required time                         -1.572    
                         arrival time                           1.837    
  -------------------------------------------------------------------
                         slack                                  0.265    

Slack (MET) :             0.265ns  (arrival time - required time)
  Source:                 refresh_cnt_reg[6]/C
                            (rising edge-triggered cell FDRE clocked by sys_clk_pin  {rise@0.000ns fall@5.000ns period=10.000ns})
  Destination:            refresh_cnt_reg[6]/D
                            (rising edge-triggered cell FDRE clocked by sys_clk_pin  {rise@0.000ns fall@5.000ns period=10.000ns})
  Path Group:             sys_clk_pin
  Path Type:              Hold (Min at Fast Process Corner)
  Requirement:            0.000ns  (sys_clk_pin rise@0.000ns - sys_clk_pin rise@0.000ns)
  Data Path Delay:        0.399ns  (logic 0.274ns (68.589%)  route 0.125ns (31.411%))
  Logic Levels:           1  (CARRY4=1)
  Clock Path Skew:        0.000ns (DCD - SCD - CPR)
    Destination Clock Delay (DCD):    1.949ns
    Source Clock Delay      (SCD):    1.438ns
    Clock Pessimism Removal (CPR):    0.511ns

    Location             Delay type                Incr(ns)  Path(ns)    Netlist Resource(s)
  -------------------------------------------------------------------    -------------------
                         (clock sys_clk_pin rise edge)
                                                      0.000     0.000 r  
    W5                                                0.000     0.000 r  clk (IN)
                         net (fo=0)                   0.000     0.000    clk
    W5                   IBUF (Prop_ibuf_I_O)         0.226     0.226 r  clk_IBUF_inst/O
                         net (fo=1, routed)           0.631     0.858    clk_IBUF
    BUFGCTRL_X0Y0        BUFG (Prop_bufg_I_O)         0.026     0.884 r  clk_IBUF_BUFG_inst/O
                         net (fo=125, routed)         0.555     1.438    clk_IBUF_BUFG
    SLICE_X30Y19         FDRE                                         r  refresh_cnt_reg[6]/C
  -------------------------------------------------------------------    -------------------
    SLICE_X30Y19         FDRE (Prop_fdre_C_Q)         0.164     1.602 r  refresh_cnt_reg[6]/Q
                         net (fo=2, routed)           0.125     1.728    refresh_cnt_reg[6]
    SLICE_X30Y19         CARRY4 (Prop_carry4_S[2]_O[2])
                                                      0.110     1.838 r  refresh_cnt_reg[4]_i_1/O[2]
                         net (fo=1, routed)           0.000     1.838    refresh_cnt_reg[4]_i_1_n_5
    SLICE_X30Y19         FDRE                                         r  refresh_cnt_reg[6]/D
  -------------------------------------------------------------------    -------------------

                         (clock sys_clk_pin rise edge)
                                                      0.000     0.000 r  
    W5                                                0.000     0.000 r  clk (IN)
                         net (fo=0)                   0.000     0.000    clk
    W5                   IBUF (Prop_ibuf_I_O)         0.414     0.414 r  clk_IBUF_inst/O
                         net (fo=1, routed)           0.685     1.099    clk_IBUF
    BUFGCTRL_X0Y0        BUFG (Prop_bufg_I_O)         0.029     1.128 r  clk_IBUF_BUFG_inst/O
                         net (fo=125, routed)         0.822     1.949    clk_IBUF_BUFG
    SLICE_X30Y19         FDRE                                         r  refresh_cnt_reg[6]/C
                         clock pessimism             -0.511     1.438    
    SLICE_X30Y19         FDRE (Hold_fdre_C_D)         0.134     1.572    refresh_cnt_reg[6]
  -------------------------------------------------------------------
                         required time                         -1.572    
                         arrival time                           1.838    
  -------------------------------------------------------------------
                         slack                                  0.265    





Pulse Width Checks
--------------------------------------------------------------------------------------
Clock Name:         sys_clk_pin
Waveform(ns):       { 0.000 5.000 }
Period(ns):         10.000
Sources:            { clk }

Check Type        Corner  Lib Pin  Reference Pin  Required(ns)  Actual(ns)  Slack(ns)  Location       Pin
Min Period        n/a     BUFG/I   n/a            2.155         10.000      7.845      BUFGCTRL_X0Y0  clk_IBUF_BUFG_inst/I
Min Period        n/a     FDRE/C   n/a            1.000         10.000      9.000      SLICE_X5Y17    cpu_cnt_reg[0]/C
Min Period        n/a     FDRE/C   n/a            1.000         10.000      9.000      SLICE_X5Y19    cpu_cnt_reg[10]/C
Min Period        n/a     FDRE/C   n/a            1.000         10.000      9.000      SLICE_X5Y19    cpu_cnt_reg[11]/C
Min Period        n/a     FDRE/C   n/a            1.000         10.000      9.000      SLICE_X5Y20    cpu_cnt_reg[12]/C
Min Period        n/a     FDRE/C   n/a            1.000         10.000      9.000      SLICE_X5Y20    cpu_cnt_reg[13]/C
Min Period        n/a     FDRE/C   n/a            1.000         10.000      9.000      SLICE_X5Y20    cpu_cnt_reg[14]/C
Min Period        n/a     FDRE/C   n/a            1.000         10.000      9.000      SLICE_X5Y20    cpu_cnt_reg[15]/C
Min Period        n/a     FDRE/C   n/a            1.000         10.000      9.000      SLICE_X5Y21    cpu_cnt_reg[16]/C
Min Period        n/a     FDRE/C   n/a            1.000         10.000      9.000      SLICE_X5Y21    cpu_cnt_reg[17]/C
Low Pulse Width   Slow    FDRE/C   n/a            0.500         5.000       4.500      SLICE_X5Y17    cpu_cnt_reg[0]/C
Low Pulse Width   Fast    FDRE/C   n/a            0.500         5.000       4.500      SLICE_X5Y17    cpu_cnt_reg[0]/C
Low Pulse Width   Slow    FDRE/C   n/a            0.500         5.000       4.500      SLICE_X5Y19    cpu_cnt_reg[10]/C
Low Pulse Width   Fast    FDRE/C   n/a            0.500         5.000       4.500      SLICE_X5Y19    cpu_cnt_reg[10]/C
Low Pulse Width   Slow    FDRE/C   n/a            0.500         5.000       4.500      SLICE_X5Y19    cpu_cnt_reg[11]/C
Low Pulse Width   Fast    FDRE/C   n/a            0.500         5.000       4.500      SLICE_X5Y19    cpu_cnt_reg[11]/C
Low Pulse Width   Slow    FDRE/C   n/a            0.500         5.000       4.500      SLICE_X5Y20    cpu_cnt_reg[12]/C
Low Pulse Width   Fast    FDRE/C   n/a            0.500         5.000       4.500      SLICE_X5Y20    cpu_cnt_reg[12]/C
Low Pulse Width   Slow    FDRE/C   n/a            0.500         5.000       4.500      SLICE_X5Y20    cpu_cnt_reg[13]/C
Low Pulse Width   Fast    FDRE/C   n/a            0.500         5.000       4.500      SLICE_X5Y20    cpu_cnt_reg[13]/C
High Pulse Width  Slow    FDRE/C   n/a            0.500         5.000       4.500      SLICE_X5Y17    cpu_cnt_reg[0]/C
High Pulse Width  Fast    FDRE/C   n/a            0.500         5.000       4.500      SLICE_X5Y17    cpu_cnt_reg[0]/C
High Pulse Width  Slow    FDRE/C   n/a            0.500         5.000       4.500      SLICE_X5Y19    cpu_cnt_reg[10]/C
High Pulse Width  Fast    FDRE/C   n/a            0.500         5.000       4.500      SLICE_X5Y19    cpu_cnt_reg[10]/C
High Pulse Width  Slow    FDRE/C   n/a            0.500         5.000       4.500      SLICE_X5Y19    cpu_cnt_reg[11]/C
High Pulse Width  Fast    FDRE/C   n/a            0.500         5.000       4.500      SLICE_X5Y19    cpu_cnt_reg[11]/C
High Pulse Width  Slow    FDRE/C   n/a            0.500         5.000       4.500      SLICE_X5Y20    cpu_cnt_reg[12]/C
High Pulse Width  Fast    FDRE/C   n/a            0.500         5.000       4.500      SLICE_X5Y20    cpu_cnt_reg[12]/C
High Pulse Width  Slow    FDRE/C   n/a            0.500         5.000       4.500      SLICE_X5Y20    cpu_cnt_reg[13]/C
High Pulse Width  Fast    FDRE/C   n/a            0.500         5.000       4.500      SLICE_X5Y20    cpu_cnt_reg[13]/C



--------------------------------------------------------------------------------------
Path Group:  (none)
From Clock:  
  To Clock:  

Max Delay            15 Endpoints
Min Delay            15 Endpoints
--------------------------------------------------------------------------------------


Max Delay Paths
--------------------------------------------------------------------------------------
Slack:                    inf
  Source:                 sw[1]
                            (input port)
  Destination:            seg[0]
                            (output port)
  Path Group:             (none)
  Path Type:              Max at Slow Process Corner
  Data Path Delay:        13.560ns  (logic 5.576ns (41.120%)  route 7.984ns (58.880%))
  Logic Levels:           5  (IBUF=1 LUT4=2 LUT6=1 OBUF=1)

    Location             Delay type                Incr(ns)  Path(ns)    Netlist Resource(s)
  -------------------------------------------------------------------    -------------------
    V16                                               0.000     0.000 r  sw[1] (IN)
                         net (fo=0)                   0.000     0.000    sw[1]
    V16                  IBUF (Prop_ibuf_I_O)         1.461     1.461 r  sw_IBUF[1]_inst/O
                         net (fo=8, routed)           2.427     3.888    cpu0/rf0/sw_IBUF[1]
    SLICE_X2Y25          LUT6 (Prop_lut6_I3_O)        0.124     4.012 f  cpu0/rf0/led_OBUF[1]_inst_i_1/O
                         net (fo=2, routed)           1.869     5.882    cpu0/rf0/led_OBUF[1]
    SLICE_X28Y23         LUT4 (Prop_lut4_I0_O)        0.124     6.006 r  cpu0/rf0/seg_OBUF[6]_inst_i_3/O
                         net (fo=7, routed)           0.664     6.670    cpu0/rf0/seg_OBUF[6]_inst_i_3_n_0
    SLICE_X28Y22         LUT4 (Prop_lut4_I2_O)        0.153     6.823 r  cpu0/rf0/seg_OBUF[0]_inst_i_1/O
                         net (fo=1, routed)           3.024     9.847    seg_OBUF[0]
    W7                   OBUF (Prop_obuf_I_O)         3.714    13.560 r  seg_OBUF[0]_inst/O
                         net (fo=0)                   0.000    13.560    seg[0]
    W7                                                                r  seg[0] (OUT)
  -------------------------------------------------------------------    -------------------

Slack:                    inf
  Source:                 sw[1]
                            (input port)
  Destination:            seg[2]
                            (output port)
  Path Group:             (none)
  Path Type:              Max at Slow Process Corner
  Data Path Delay:        13.460ns  (logic 5.598ns (41.595%)  route 7.861ns (58.405%))
  Logic Levels:           5  (IBUF=1 LUT4=2 LUT6=1 OBUF=1)

    Location             Delay type                Incr(ns)  Path(ns)    Netlist Resource(s)
  -------------------------------------------------------------------    -------------------
    V16                                               0.000     0.000 r  sw[1] (IN)
                         net (fo=0)                   0.000     0.000    sw[1]
    V16                  IBUF (Prop_ibuf_I_O)         1.461     1.461 r  sw_IBUF[1]_inst/O
                         net (fo=8, routed)           2.625     4.087    cpu0/rf0/sw_IBUF[1]
    SLICE_X3Y25          LUT6 (Prop_lut6_I4_O)        0.124     4.211 f  cpu0/rf0/led_OBUF[0]_inst_i_1/O
                         net (fo=2, routed)           1.511     5.722    cpu0/rf0/led_OBUF[0]
    SLICE_X28Y23         LUT4 (Prop_lut4_I0_O)        0.124     5.846 r  cpu0/rf0/seg_OBUF[6]_inst_i_5/O
                         net (fo=7, routed)           0.842     6.688    cpu0/rf0/seg_OBUF[6]_inst_i_5_n_0
    SLICE_X28Y22         LUT4 (Prop_lut4_I2_O)        0.152     6.840 r  cpu0/rf0/seg_OBUF[2]_inst_i_1/O
                         net (fo=1, routed)           2.882     9.722    seg_OBUF[2]
    U8                   OBUF (Prop_obuf_I_O)         3.737    13.460 r  seg_OBUF[2]_inst/O
                         net (fo=0)                   0.000    13.460    seg[2]
    U8                                                                r  seg[2] (OUT)
  -------------------------------------------------------------------    -------------------

Slack:                    inf
  Source:                 sw[1]
                            (input port)
  Destination:            seg[6]
                            (output port)
  Path Group:             (none)
  Path Type:              Max at Slow Process Corner
  Data Path Delay:        13.459ns  (logic 5.365ns (39.859%)  route 8.095ns (60.141%))
  Logic Levels:           5  (IBUF=1 LUT4=2 LUT6=1 OBUF=1)

    Location             Delay type                Incr(ns)  Path(ns)    Netlist Resource(s)
  -------------------------------------------------------------------    -------------------
    V16                                               0.000     0.000 r  sw[1] (IN)
                         net (fo=0)                   0.000     0.000    sw[1]
    V16                  IBUF (Prop_ibuf_I_O)         1.461     1.461 r  sw_IBUF[1]_inst/O
                         net (fo=8, routed)           2.427     3.888    cpu0/rf0/sw_IBUF[1]
    SLICE_X2Y25          LUT6 (Prop_lut6_I3_O)        0.124     4.012 f  cpu0/rf0/led_OBUF[1]_inst_i_1/O
                         net (fo=2, routed)           1.869     5.882    cpu0/rf0/led_OBUF[1]
    SLICE_X28Y23         LUT4 (Prop_lut4_I0_O)        0.124     6.006 r  cpu0/rf0/seg_OBUF[6]_inst_i_3/O
                         net (fo=7, routed)           0.664     6.670    cpu0/rf0/seg_OBUF[6]_inst_i_3_n_0
    SLICE_X28Y22         LUT4 (Prop_lut4_I1_O)        0.124     6.794 r  cpu0/rf0/seg_OBUF[6]_inst_i_1/O
                         net (fo=1, routed)           3.134     9.928    seg_OBUF[6]
    U7                   OBUF (Prop_obuf_I_O)         3.531    13.459 r  seg_OBUF[6]_inst/O
                         net (fo=0)                   0.000    13.459    seg[6]
    U7                                                                r  seg[6] (OUT)
  -------------------------------------------------------------------    -------------------

Slack:                    inf
  Source:                 sw[1]
                            (input port)
  Destination:            seg[1]
                            (output port)
  Path Group:             (none)
  Path Type:              Max at Slow Process Corner
  Data Path Delay:        13.227ns  (logic 5.362ns (40.543%)  route 7.864ns (59.457%))
  Logic Levels:           5  (IBUF=1 LUT4=2 LUT6=1 OBUF=1)

    Location             Delay type                Incr(ns)  Path(ns)    Netlist Resource(s)
  -------------------------------------------------------------------    -------------------
    V16                                               0.000     0.000 r  sw[1] (IN)
                         net (fo=0)                   0.000     0.000    sw[1]
    V16                  IBUF (Prop_ibuf_I_O)         1.461     1.461 r  sw_IBUF[1]_inst/O
                         net (fo=8, routed)           2.625     4.087    cpu0/rf0/sw_IBUF[1]
    SLICE_X3Y25          LUT6 (Prop_lut6_I4_O)        0.124     4.211 f  cpu0/rf0/led_OBUF[0]_inst_i_1/O
                         net (fo=2, routed)           1.511     5.722    cpu0/rf0/led_OBUF[0]
    SLICE_X28Y23         LUT4 (Prop_lut4_I0_O)        0.124     5.846 r  cpu0/rf0/seg_OBUF[6]_inst_i_5/O
                         net (fo=7, routed)           0.842     6.688    cpu0/rf0/seg_OBUF[6]_inst_i_5_n_0
    SLICE_X28Y22         LUT4 (Prop_lut4_I1_O)        0.124     6.812 r  cpu0/rf0/seg_OBUF[1]_inst_i_1/O
                         net (fo=1, routed)           2.885     9.698    seg_OBUF[1]
    W6                   OBUF (Prop_obuf_I_O)         3.529    13.227 r  seg_OBUF[1]_inst/O
                         net (fo=0)                   0.000    13.227    seg[1]
    W6                                                                r  seg[1] (OUT)
  -------------------------------------------------------------------    -------------------

Slack:                    inf
  Source:                 sw[1]
                            (input port)
  Destination:            seg[4]
                            (output port)
  Path Group:             (none)
  Path Type:              Max at Slow Process Corner
  Data Path Delay:        13.224ns  (logic 5.589ns (42.266%)  route 7.635ns (57.734%))
  Logic Levels:           5  (IBUF=1 LUT4=2 LUT6=1 OBUF=1)

    Location             Delay type                Incr(ns)  Path(ns)    Netlist Resource(s)
  -------------------------------------------------------------------    -------------------
    V16                                               0.000     0.000 r  sw[1] (IN)
                         net (fo=0)                   0.000     0.000    sw[1]
    V16                  IBUF (Prop_ibuf_I_O)         1.461     1.461 r  sw_IBUF[1]_inst/O
                         net (fo=8, routed)           2.625     4.087    cpu0/rf0/sw_IBUF[1]
    SLICE_X3Y25          LUT6 (Prop_lut6_I4_O)        0.124     4.211 r  cpu0/rf0/led_OBUF[0]_inst_i_1/O
                         net (fo=2, routed)           1.511     5.722    cpu0/rf0/led_OBUF[0]
    SLICE_X28Y23         LUT4 (Prop_lut4_I0_O)        0.124     5.846 f  cpu0/rf0/seg_OBUF[6]_inst_i_5/O
                         net (fo=7, routed)           0.835     6.681    cpu0/rf0/seg_OBUF[6]_inst_i_5_n_0
    SLICE_X28Y22         LUT4 (Prop_lut4_I0_O)        0.152     6.833 r  cpu0/rf0/seg_OBUF[4]_inst_i_1/O
                         net (fo=1, routed)           2.663     9.496    seg_OBUF[4]
    U5                   OBUF (Prop_obuf_I_O)         3.728    13.224 r  seg_OBUF[4]_inst/O
                         net (fo=0)                   0.000    13.224    seg[4]
    U5                                                                r  seg[4] (OUT)
  -------------------------------------------------------------------    -------------------

Slack:                    inf
  Source:                 sw[1]
                            (input port)
  Destination:            seg[3]
                            (output port)
  Path Group:             (none)
  Path Type:              Max at Slow Process Corner
  Data Path Delay:        13.089ns  (logic 5.369ns (41.018%)  route 7.720ns (58.982%))
  Logic Levels:           5  (IBUF=1 LUT4=2 LUT6=1 OBUF=1)

    Location             Delay type                Incr(ns)  Path(ns)    Netlist Resource(s)
  -------------------------------------------------------------------    -------------------
    V16                                               0.000     0.000 r  sw[1] (IN)
                         net (fo=0)                   0.000     0.000    sw[1]
    V16                  IBUF (Prop_ibuf_I_O)         1.461     1.461 r  sw_IBUF[1]_inst/O
                         net (fo=8, routed)           2.625     4.087    cpu0/rf0/sw_IBUF[1]
    SLICE_X3Y25          LUT6 (Prop_lut6_I4_O)        0.124     4.211 f  cpu0/rf0/led_OBUF[0]_inst_i_1/O
                         net (fo=2, routed)           1.511     5.722    cpu0/rf0/led_OBUF[0]
    SLICE_X28Y23         LUT4 (Prop_lut4_I0_O)        0.124     5.846 r  cpu0/rf0/seg_OBUF[6]_inst_i_5/O
                         net (fo=7, routed)           0.835     6.681    cpu0/rf0/seg_OBUF[6]_inst_i_5_n_0
    SLICE_X28Y22         LUT4 (Prop_lut4_I3_O)        0.124     6.805 r  cpu0/rf0/seg_OBUF[3]_inst_i_1/O
                         net (fo=1, routed)           2.748     9.554    seg_OBUF[3]
    V8                   OBUF (Prop_obuf_I_O)         3.536    13.089 r  seg_OBUF[3]_inst/O
                         net (fo=0)                   0.000    13.089    seg[3]
    V8                                                                r  seg[3] (OUT)
  -------------------------------------------------------------------    -------------------

Slack:                    inf
  Source:                 sw[1]
                            (input port)
  Destination:            seg[5]
                            (output port)
  Path Group:             (none)
  Path Type:              Max at Slow Process Corner
  Data Path Delay:        12.941ns  (logic 5.338ns (41.245%)  route 7.604ns (58.755%))
  Logic Levels:           5  (IBUF=1 LUT4=2 LUT6=1 OBUF=1)

    Location             Delay type                Incr(ns)  Path(ns)    Netlist Resource(s)
  -------------------------------------------------------------------    -------------------
    V16                                               0.000     0.000 r  sw[1] (IN)
                         net (fo=0)                   0.000     0.000    sw[1]
    V16                  IBUF (Prop_ibuf_I_O)         1.461     1.461 r  sw_IBUF[1]_inst/O
                         net (fo=8, routed)           2.625     4.087    cpu0/rf0/sw_IBUF[1]
    SLICE_X3Y25          LUT6 (Prop_lut6_I4_O)        0.124     4.211 r  cpu0/rf0/led_OBUF[0]_inst_i_1/O
                         net (fo=2, routed)           1.511     5.722    cpu0/rf0/led_OBUF[0]
    SLICE_X28Y23         LUT4 (Prop_lut4_I0_O)        0.124     5.846 f  cpu0/rf0/seg_OBUF[6]_inst_i_5/O
                         net (fo=7, routed)           0.663     6.509    cpu0/rf0/seg_OBUF[6]_inst_i_5_n_0
    SLICE_X28Y22         LUT4 (Prop_lut4_I0_O)        0.124     6.633 r  cpu0/rf0/seg_OBUF[5]_inst_i_1/O
                         net (fo=1, routed)           2.804     9.437    seg_OBUF[5]
    V5                   OBUF (Prop_obuf_I_O)         3.504    12.941 r  seg_OBUF[5]_inst/O
                         net (fo=0)                   0.000    12.941    seg[5]
    V5                                                                r  seg[5] (OUT)
  -------------------------------------------------------------------    -------------------

Slack:                    inf
  Source:                 sw[1]
                            (input port)
  Destination:            led[0]
                            (output port)
  Path Group:             (none)
  Path Type:              Max at Slow Process Corner
  Data Path Delay:        10.106ns  (logic 5.090ns (50.365%)  route 5.016ns (49.635%))
  Logic Levels:           3  (IBUF=1 LUT6=1 OBUF=1)

    Location             Delay type                Incr(ns)  Path(ns)    Netlist Resource(s)
  -------------------------------------------------------------------    -------------------
    V16                                               0.000     0.000 r  sw[1] (IN)
                         net (fo=0)                   0.000     0.000    sw[1]
    V16                  IBUF (Prop_ibuf_I_O)         1.461     1.461 r  sw_IBUF[1]_inst/O
                         net (fo=8, routed)           2.625     4.087    cpu0/rf0/sw_IBUF[1]
    SLICE_X3Y25          LUT6 (Prop_lut6_I4_O)        0.124     4.211 r  cpu0/rf0/led_OBUF[0]_inst_i_1/O
                         net (fo=2, routed)           2.391     6.602    led_OBUF[0]
    U16                  OBUF (Prop_obuf_I_O)         3.505    10.106 r  led_OBUF[0]_inst/O
                         net (fo=0)                   0.000    10.106    led[0]
    U16                                                               r  led[0] (OUT)
  -------------------------------------------------------------------    -------------------

Slack:                    inf
  Source:                 sw[1]
                            (input port)
  Destination:            led[7]
                            (output port)
  Path Group:             (none)
  Path Type:              Max at Slow Process Corner
  Data Path Delay:        9.890ns  (logic 5.086ns (51.428%)  route 4.804ns (48.572%))
  Logic Levels:           3  (IBUF=1 LUT6=1 OBUF=1)

    Location             Delay type                Incr(ns)  Path(ns)    Netlist Resource(s)
  -------------------------------------------------------------------    -------------------
    V16                                               0.000     0.000 r  sw[1] (IN)
                         net (fo=0)                   0.000     0.000    sw[1]
    V16                  IBUF (Prop_ibuf_I_O)         1.461     1.461 r  sw_IBUF[1]_inst/O
                         net (fo=8, routed)           2.125     3.586    cpu0/rf0/sw_IBUF[1]
    SLICE_X2Y26          LUT6 (Prop_lut6_I3_O)        0.124     3.710 r  cpu0/rf0/led_OBUF[7]_inst_i_1/O
                         net (fo=2, routed)           2.679     6.389    led_OBUF[7]
    V14                  OBUF (Prop_obuf_I_O)         3.501     9.890 r  led_OBUF[7]_inst/O
                         net (fo=0)                   0.000     9.890    led[7]
    V14                                                               r  led[7] (OUT)
  -------------------------------------------------------------------    -------------------

Slack:                    inf
  Source:                 sw[1]
                            (input port)
  Destination:            led[1]
                            (output port)
  Path Group:             (none)
  Path Type:              Max at Slow Process Corner
  Data Path Delay:        9.846ns  (logic 5.115ns (51.948%)  route 4.731ns (48.052%))
  Logic Levels:           3  (IBUF=1 LUT6=1 OBUF=1)

    Location             Delay type                Incr(ns)  Path(ns)    Netlist Resource(s)
  -------------------------------------------------------------------    -------------------
    V16                                               0.000     0.000 r  sw[1] (IN)
                         net (fo=0)                   0.000     0.000    sw[1]
    V16                  IBUF (Prop_ibuf_I_O)         1.461     1.461 r  sw_IBUF[1]_inst/O
                         net (fo=8, routed)           2.427     3.888    cpu0/rf0/sw_IBUF[1]
    SLICE_X2Y25          LUT6 (Prop_lut6_I3_O)        0.124     4.012 r  cpu0/rf0/led_OBUF[1]_inst_i_1/O
                         net (fo=2, routed)           2.304     6.317    led_OBUF[1]
    E19                  OBUF (Prop_obuf_I_O)         3.530     9.846 r  led_OBUF[1]_inst/O
                         net (fo=0)                   0.000     9.846    led[1]
    E19                                                               r  led[1] (OUT)
  -------------------------------------------------------------------    -------------------





Min Delay Paths
--------------------------------------------------------------------------------------
Slack:                    inf
  Source:                 sw[1]
                            (input port)
  Destination:            led[3]
                            (output port)
  Path Group:             (none)
  Path Type:              Min at Fast Process Corner
  Data Path Delay:        2.584ns  (logic 1.484ns (57.443%)  route 1.100ns (42.557%))
  Logic Levels:           3  (IBUF=1 LUT6=1 OBUF=1)

    Location             Delay type                Incr(ns)  Path(ns)    Netlist Resource(s)
  -------------------------------------------------------------------    -------------------
    V16                                               0.000     0.000 r  sw[1] (IN)
                         net (fo=0)                   0.000     0.000    sw[1]
    V16                  IBUF (Prop_ibuf_I_O)         0.229     0.229 r  sw_IBUF[1]_inst/O
                         net (fo=8, routed)           0.683     0.912    cpu0/rf0/sw_IBUF[1]
    SLICE_X3Y24          LUT6 (Prop_lut6_I3_O)        0.045     0.957 r  cpu0/rf0/led_OBUF[3]_inst_i_1/O
                         net (fo=2, routed)           0.417     1.374    led_OBUF[3]
    V19                  OBUF (Prop_obuf_I_O)         1.210     2.584 r  led_OBUF[3]_inst/O
                         net (fo=0)                   0.000     2.584    led[3]
    V19                                                               r  led[3] (OUT)
  -------------------------------------------------------------------    -------------------

Slack:                    inf
  Source:                 sw[1]
                            (input port)
  Destination:            led[2]
                            (output port)
  Path Group:             (none)
  Path Type:              Min at Fast Process Corner
  Data Path Delay:        2.700ns  (logic 1.476ns (54.679%)  route 1.224ns (45.321%))
  Logic Levels:           3  (IBUF=1 LUT6=1 OBUF=1)

    Location             Delay type                Incr(ns)  Path(ns)    Netlist Resource(s)
  -------------------------------------------------------------------    -------------------
    V16                                               0.000     0.000 r  sw[1] (IN)
                         net (fo=0)                   0.000     0.000    sw[1]
    V16                  IBUF (Prop_ibuf_I_O)         0.229     0.229 r  sw_IBUF[1]_inst/O
                         net (fo=8, routed)           0.757     0.986    cpu0/rf0/sw_IBUF[1]
    SLICE_X1Y25          LUT6 (Prop_lut6_I4_O)        0.045     1.031 r  cpu0/rf0/led_OBUF[2]_inst_i_1/O
                         net (fo=2, routed)           0.467     1.498    led_OBUF[2]
    U19                  OBUF (Prop_obuf_I_O)         1.202     2.700 r  led_OBUF[2]_inst/O
                         net (fo=0)                   0.000     2.700    led[2]
    U19                                                               r  led[2] (OUT)
  -------------------------------------------------------------------    -------------------

Slack:                    inf
  Source:                 sw[1]
                            (input port)
  Destination:            led[4]
                            (output port)
  Path Group:             (none)
  Path Type:              Min at Fast Process Corner
  Data Path Delay:        2.811ns  (logic 1.484ns (52.789%)  route 1.327ns (47.211%))
  Logic Levels:           3  (IBUF=1 LUT6=1 OBUF=1)

    Location             Delay type                Incr(ns)  Path(ns)    Netlist Resource(s)
  -------------------------------------------------------------------    -------------------
    V16                                               0.000     0.000 r  sw[1] (IN)
                         net (fo=0)                   0.000     0.000    sw[1]
    V16                  IBUF (Prop_ibuf_I_O)         0.229     0.229 r  sw_IBUF[1]_inst/O
                         net (fo=8, routed)           0.856     1.085    cpu0/rf0/sw_IBUF[1]
    SLICE_X4Y25          LUT6 (Prop_lut6_I3_O)        0.045     1.130 r  cpu0/rf0/led_OBUF[4]_inst_i_1/O
                         net (fo=2, routed)           0.471     1.602    led_OBUF[4]
    W18                  OBUF (Prop_obuf_I_O)         1.210     2.811 r  led_OBUF[4]_inst/O
                         net (fo=0)                   0.000     2.811    led[4]
    W18                                                               r  led[4] (OUT)
  -------------------------------------------------------------------    -------------------

Slack:                    inf
  Source:                 sw[0]
                            (input port)
  Destination:            led[7]
                            (output port)
  Path Group:             (none)
  Path Type:              Min at Fast Process Corner
  Data Path Delay:        2.889ns  (logic 1.468ns (50.807%)  route 1.421ns (49.193%))
  Logic Levels:           3  (IBUF=1 LUT6=1 OBUF=1)

    Location             Delay type                Incr(ns)  Path(ns)    Netlist Resource(s)
  -------------------------------------------------------------------    -------------------
    V17                                               0.000     0.000 r  sw[0] (IN)
                         net (fo=0)                   0.000     0.000    sw[0]
    V17                  IBUF (Prop_ibuf_I_O)         0.221     0.221 r  sw_IBUF[0]_inst/O
                         net (fo=8, routed)           0.651     0.872    cpu0/rf0/sw_IBUF[0]
    SLICE_X2Y26          LUT6 (Prop_lut6_I4_O)        0.045     0.917 r  cpu0/rf0/led_OBUF[7]_inst_i_1/O
                         net (fo=2, routed)           0.771     1.687    led_OBUF[7]
    V14                  OBUF (Prop_obuf_I_O)         1.202     2.889 r  led_OBUF[7]_inst/O
                         net (fo=0)                   0.000     2.889    led[7]
    V14                                                               r  led[7] (OUT)
  -------------------------------------------------------------------    -------------------

Slack:                    inf
  Source:                 sw[0]
                            (input port)
  Destination:            led[1]
                            (output port)
  Path Group:             (none)
  Path Type:              Min at Fast Process Corner
  Data Path Delay:        2.927ns  (logic 1.497ns (51.125%)  route 1.431ns (48.875%))
  Logic Levels:           3  (IBUF=1 LUT6=1 OBUF=1)

    Location             Delay type                Incr(ns)  Path(ns)    Netlist Resource(s)
  -------------------------------------------------------------------    -------------------
    V17                                               0.000     0.000 r  sw[0] (IN)
                         net (fo=0)                   0.000     0.000    sw[0]
    V17                  IBUF (Prop_ibuf_I_O)         0.221     0.221 r  sw_IBUF[0]_inst/O
                         net (fo=8, routed)           0.812     1.033    cpu0/rf0/sw_IBUF[0]
    SLICE_X2Y25          LUT6 (Prop_lut6_I4_O)        0.045     1.078 r  cpu0/rf0/led_OBUF[1]_inst_i_1/O
                         net (fo=2, routed)           0.618     1.697    led_OBUF[1]
    E19                  OBUF (Prop_obuf_I_O)         1.231     2.927 r  led_OBUF[1]_inst/O
                         net (fo=0)                   0.000     2.927    led[1]
    E19                                                               r  led[1] (OUT)
  -------------------------------------------------------------------    -------------------

Slack:                    inf
  Source:                 sw[0]
                            (input port)
  Destination:            led[0]
                            (output port)
  Path Group:             (none)
  Path Type:              Min at Fast Process Corner
  Data Path Delay:        2.957ns  (logic 1.472ns (49.773%)  route 1.485ns (50.227%))
  Logic Levels:           3  (IBUF=1 LUT6=1 OBUF=1)

    Location             Delay type                Incr(ns)  Path(ns)    Netlist Resource(s)
  -------------------------------------------------------------------    -------------------
    V17                                               0.000     0.000 r  sw[0] (IN)
                         net (fo=0)                   0.000     0.000    sw[0]
    V17                  IBUF (Prop_ibuf_I_O)         0.221     0.221 r  sw_IBUF[0]_inst/O
                         net (fo=8, routed)           0.811     1.032    cpu0/rf0/sw_IBUF[0]
    SLICE_X3Y25          LUT6 (Prop_lut6_I3_O)        0.045     1.077 r  cpu0/rf0/led_OBUF[0]_inst_i_1/O
                         net (fo=2, routed)           0.674     1.751    led_OBUF[0]
    U16                  OBUF (Prop_obuf_I_O)         1.206     2.957 r  led_OBUF[0]_inst/O
                         net (fo=0)                   0.000     2.957    led[0]
    U16                                                               r  led[0] (OUT)
  -------------------------------------------------------------------    -------------------

Slack:                    inf
  Source:                 sw[1]
                            (input port)
  Destination:            led[6]
                            (output port)
  Path Group:             (none)
  Path Type:              Min at Fast Process Corner
  Data Path Delay:        3.070ns  (logic 1.482ns (48.260%)  route 1.588ns (51.740%))
  Logic Levels:           3  (IBUF=1 LUT6=1 OBUF=1)

    Location             Delay type                Incr(ns)  Path(ns)    Netlist Resource(s)
  -------------------------------------------------------------------    -------------------
    V16                                               0.000     0.000 r  sw[1] (IN)
                         net (fo=0)                   0.000     0.000    sw[1]
    V16                  IBUF (Prop_ibuf_I_O)         0.229     0.229 r  sw_IBUF[1]_inst/O
                         net (fo=8, routed)           0.846     1.075    cpu0/rf0/sw_IBUF[1]
    SLICE_X4Y25          LUT6 (Prop_lut6_I4_O)        0.045     1.120 r  cpu0/rf0/led_OBUF[6]_inst_i_1/O
                         net (fo=2, routed)           0.743     1.863    led_OBUF[6]
    U14                  OBUF (Prop_obuf_I_O)         1.207     3.070 r  led_OBUF[6]_inst/O
                         net (fo=0)                   0.000     3.070    led[6]
    U14                                                               r  led[6] (OUT)
  -------------------------------------------------------------------    -------------------

Slack:                    inf
  Source:                 sw[1]
                            (input port)
  Destination:            led[5]
                            (output port)
  Path Group:             (none)
  Path Type:              Min at Fast Process Corner
  Data Path Delay:        3.078ns  (logic 1.490ns (48.409%)  route 1.588ns (51.591%))
  Logic Levels:           3  (IBUF=1 LUT6=1 OBUF=1)

    Location             Delay type                Incr(ns)  Path(ns)    Netlist Resource(s)
  -------------------------------------------------------------------    -------------------
    V16                                               0.000     0.000 r  sw[1] (IN)
                         net (fo=0)                   0.000     0.000    sw[1]
    V16                  IBUF (Prop_ibuf_I_O)         0.229     0.229 r  sw_IBUF[1]_inst/O
                         net (fo=8, routed)           0.915     1.144    cpu0/rf0/sw_IBUF[1]
    SLICE_X1Y26          LUT6 (Prop_lut6_I3_O)        0.045     1.189 r  cpu0/rf0/led_OBUF[5]_inst_i_1/O
                         net (fo=2, routed)           0.673     1.862    led_OBUF[5]
    U15                  OBUF (Prop_obuf_I_O)         1.216     3.078 r  led_OBUF[5]_inst/O
                         net (fo=0)                   0.000     3.078    led[5]
    U15                                                               r  led[5] (OUT)
  -------------------------------------------------------------------    -------------------

Slack:                    inf
  Source:                 sw[1]
                            (input port)
  Destination:            seg[3]
                            (output port)
  Path Group:             (none)
  Path Type:              Min at Fast Process Corner
  Data Path Delay:        4.050ns  (logic 1.601ns (39.522%)  route 2.450ns (60.478%))
  Logic Levels:           5  (IBUF=1 LUT4=2 LUT6=1 OBUF=1)

    Location             Delay type                Incr(ns)  Path(ns)    Netlist Resource(s)
  -------------------------------------------------------------------    -------------------
    V16                                               0.000     0.000 r  sw[1] (IN)
                         net (fo=0)                   0.000     0.000    sw[1]
    V16                  IBUF (Prop_ibuf_I_O)         0.229     0.229 r  sw_IBUF[1]_inst/O
                         net (fo=8, routed)           0.683     0.912    cpu0/rf0/sw_IBUF[1]
    SLICE_X3Y24          LUT6 (Prop_lut6_I3_O)        0.045     0.957 f  cpu0/rf0/led_OBUF[3]_inst_i_1/O
                         net (fo=2, routed)           0.731     1.688    cpu0/rf0/led_OBUF[3]
    SLICE_X28Y23         LUT4 (Prop_lut4_I0_O)        0.045     1.733 r  cpu0/rf0/seg_OBUF[6]_inst_i_2/O
                         net (fo=7, routed)           0.178     1.912    cpu0/rf0/seg_OBUF[6]_inst_i_2_n_0
    SLICE_X28Y22         LUT4 (Prop_lut4_I0_O)        0.045     1.957 r  cpu0/rf0/seg_OBUF[3]_inst_i_1/O
                         net (fo=1, routed)           0.857     2.814    seg_OBUF[3]
    V8                   OBUF (Prop_obuf_I_O)         1.236     4.050 r  seg_OBUF[3]_inst/O
                         net (fo=0)                   0.000     4.050    seg[3]
    V8                                                                r  seg[3] (OUT)
  -------------------------------------------------------------------    -------------------

Slack:                    inf
  Source:                 sw[1]
                            (input port)
  Destination:            seg[4]
                            (output port)
  Path Group:             (none)
  Path Type:              Min at Fast Process Corner
  Data Path Delay:        4.054ns  (logic 1.656ns (40.850%)  route 2.398ns (59.150%))
  Logic Levels:           5  (IBUF=1 LUT4=2 LUT6=1 OBUF=1)

    Location             Delay type                Incr(ns)  Path(ns)    Netlist Resource(s)
  -------------------------------------------------------------------    -------------------
    V16                                               0.000     0.000 r  sw[1] (IN)
                         net (fo=0)                   0.000     0.000    sw[1]
    V16                  IBUF (Prop_ibuf_I_O)         0.229     0.229 r  sw_IBUF[1]_inst/O
                         net (fo=8, routed)           0.683     0.912    cpu0/rf0/sw_IBUF[1]
    SLICE_X3Y24          LUT6 (Prop_lut6_I3_O)        0.045     0.957 f  cpu0/rf0/led_OBUF[3]_inst_i_1/O
                         net (fo=2, routed)           0.731     1.688    cpu0/rf0/led_OBUF[3]
    SLICE_X28Y23         LUT4 (Prop_lut4_I0_O)        0.045     1.733 r  cpu0/rf0/seg_OBUF[6]_inst_i_2/O
                         net (fo=7, routed)           0.178     1.912    cpu0/rf0/seg_OBUF[6]_inst_i_2_n_0
    SLICE_X28Y22         LUT4 (Prop_lut4_I3_O)        0.049     1.961 r  cpu0/rf0/seg_OBUF[4]_inst_i_1/O
                         net (fo=1, routed)           0.806     2.767    seg_OBUF[4]
    U5                   OBUF (Prop_obuf_I_O)         1.288     4.054 r  seg_OBUF[4]_inst/O
                         net (fo=0)                   0.000     4.054    seg[4]
    U5                                                                r  seg[4] (OUT)
  -------------------------------------------------------------------    -------------------





--------------------------------------------------------------------------------------
Path Group:  (none)
From Clock:  sys_clk_pin
  To Clock:  

Max Delay            17 Endpoints
Min Delay            17 Endpoints
--------------------------------------------------------------------------------------


Max Delay Paths
--------------------------------------------------------------------------------------
Slack:                    inf
  Source:                 cpu0/pc_reg[2]/C
                            (rising edge-triggered cell FDCE clocked by sys_clk_pin  {rise@0.000ns fall@5.000ns period=10.000ns})
  Destination:            seg[2]
                            (output port)
  Path Group:             (none)
  Path Type:              Max at Slow Process Corner
  Data Path Delay:        11.619ns  (logic 4.593ns (39.530%)  route 7.026ns (60.470%))
  Logic Levels:           4  (LUT4=2 LUT6=1 OBUF=1)
  Clock Uncertainty:      0.025ns  ((TSJ^2 + TIJ^2)^1/2 + DJ) / 2 + PE
    Total System Jitter     (TSJ):    0.050ns
    Total Input Jitter      (TIJ):    0.000ns
    Discrete Jitter          (DJ):    0.000ns
    Phase Error              (PE):    0.000ns

    Location             Delay type                Incr(ns)  Path(ns)    Netlist Resource(s)
  -------------------------------------------------------------------    -------------------
                         (clock sys_clk_pin rise edge)
                                                      0.000     0.000 r  
    W5                                                0.000     0.000 r  clk (IN)
                         net (fo=0)                   0.000     0.000    clk
    W5                   IBUF (Prop_ibuf_I_O)         1.458     1.458 r  clk_IBUF_inst/O
                         net (fo=1, routed)           1.967     3.425    clk_IBUF
    BUFGCTRL_X0Y0        BUFG (Prop_bufg_I_O)         0.096     3.521 r  clk_IBUF_BUFG_inst/O
                         net (fo=125, routed)         1.615     5.136    cpu0/CLK
    SLICE_X7Y25          FDCE                                         r  cpu0/pc_reg[2]/C
  -------------------------------------------------------------------    -------------------
    SLICE_X7Y25          FDCE (Prop_fdce_C_Q)         0.456     5.592 r  cpu0/pc_reg[2]/Q
                         net (fo=13, routed)          1.242     6.835    cpu0/rf0/led[7][2]
    SLICE_X1Y25          LUT6 (Prop_lut6_I2_O)        0.124     6.959 r  cpu0/rf0/led_OBUF[2]_inst_i_1/O
                         net (fo=2, routed)           1.886     8.844    cpu0/rf0/led_OBUF[2]
    SLICE_X28Y23         LUT4 (Prop_lut4_I1_O)        0.124     8.968 r  cpu0/rf0/seg_OBUF[6]_inst_i_4/O
                         net (fo=7, routed)           1.016     9.984    cpu0/rf0/seg_OBUF[6]_inst_i_4_n_0
    SLICE_X28Y22         LUT4 (Prop_lut4_I1_O)        0.152    10.136 r  cpu0/rf0/seg_OBUF[2]_inst_i_1/O
                         net (fo=1, routed)           2.882    13.018    seg_OBUF[2]
    U8                   OBUF (Prop_obuf_I_O)         3.737    16.756 r  seg_OBUF[2]_inst/O
                         net (fo=0)                   0.000    16.756    seg[2]
    U8                                                                r  seg[2] (OUT)
  -------------------------------------------------------------------    -------------------

Slack:                    inf
  Source:                 cpu0/rf0/regs_reg[1][7]/C
                            (rising edge-triggered cell FDCE clocked by sys_clk_pin  {rise@0.000ns fall@5.000ns period=10.000ns})
  Destination:            seg[0]
                            (output port)
  Path Group:             (none)
  Path Type:              Max at Slow Process Corner
  Data Path Delay:        11.446ns  (logic 4.572ns (39.940%)  route 6.875ns (60.060%))
  Logic Levels:           4  (LUT4=2 LUT6=1 OBUF=1)
  Clock Uncertainty:      0.025ns  ((TSJ^2 + TIJ^2)^1/2 + DJ) / 2 + PE
    Total System Jitter     (TSJ):    0.050ns
    Total Input Jitter      (TIJ):    0.000ns
    Discrete Jitter          (DJ):    0.000ns
    Phase Error              (PE):    0.000ns

    Location             Delay type                Incr(ns)  Path(ns)    Netlist Resource(s)
  -------------------------------------------------------------------    -------------------
                         (clock sys_clk_pin rise edge)
                                                      0.000     0.000 r  
    W5                                                0.000     0.000 r  clk (IN)
                         net (fo=0)                   0.000     0.000    clk
    W5                   IBUF (Prop_ibuf_I_O)         1.458     1.458 r  clk_IBUF_inst/O
                         net (fo=1, routed)           1.967     3.425    clk_IBUF
    BUFGCTRL_X0Y0        BUFG (Prop_bufg_I_O)         0.096     3.521 r  clk_IBUF_BUFG_inst/O
                         net (fo=125, routed)         1.617     5.138    cpu0/rf0/CLK
    SLICE_X4Y26          FDCE                                         r  cpu0/rf0/regs_reg[1][7]/C
  -------------------------------------------------------------------    -------------------
    SLICE_X4Y26          FDCE (Prop_fdce_C_Q)         0.456     5.594 f  cpu0/rf0/regs_reg[1][7]/Q
                         net (fo=3, routed)           1.311     6.905    cpu0/rf0/regs_reg[1][7]
    SLICE_X2Y26          LUT6 (Prop_lut6_I1_O)        0.124     7.029 f  cpu0/rf0/led_OBUF[7]_inst_i_1/O
                         net (fo=2, routed)           1.703     8.732    cpu0/rf0/led_OBUF[7]
    SLICE_X28Y23         LUT4 (Prop_lut4_I3_O)        0.124     8.856 r  cpu0/rf0/seg_OBUF[6]_inst_i_2/O
                         net (fo=7, routed)           0.837     9.693    cpu0/rf0/seg_OBUF[6]_inst_i_2_n_0
    SLICE_X28Y22         LUT4 (Prop_lut4_I0_O)        0.154     9.847 r  cpu0/rf0/seg_OBUF[0]_inst_i_1/O
                         net (fo=1, routed)           3.024    12.871    seg_OBUF[0]
    W7                   OBUF (Prop_obuf_I_O)         3.714    16.585 r  seg_OBUF[0]_inst/O
                         net (fo=0)                   0.000    16.585    seg[0]
    W7                                                                r  seg[0] (OUT)
  -------------------------------------------------------------------    -------------------

Slack:                    inf
  Source:                 cpu0/pc_reg[2]/C
                            (rising edge-triggered cell FDCE clocked by sys_clk_pin  {rise@0.000ns fall@5.000ns period=10.000ns})
  Destination:            seg[4]
                            (output port)
  Path Group:             (none)
  Path Type:              Max at Slow Process Corner
  Data Path Delay:        11.394ns  (logic 4.584ns (40.232%)  route 6.810ns (59.768%))
  Logic Levels:           4  (LUT4=2 LUT6=1 OBUF=1)
  Clock Uncertainty:      0.025ns  ((TSJ^2 + TIJ^2)^1/2 + DJ) / 2 + PE
    Total System Jitter     (TSJ):    0.050ns
    Total Input Jitter      (TIJ):    0.000ns
    Discrete Jitter          (DJ):    0.000ns
    Phase Error              (PE):    0.000ns

    Location             Delay type                Incr(ns)  Path(ns)    Netlist Resource(s)
  -------------------------------------------------------------------    -------------------
                         (clock sys_clk_pin rise edge)
                                                      0.000     0.000 r  
    W5                                                0.000     0.000 r  clk (IN)
                         net (fo=0)                   0.000     0.000    clk
    W5                   IBUF (Prop_ibuf_I_O)         1.458     1.458 r  clk_IBUF_inst/O
                         net (fo=1, routed)           1.967     3.425    clk_IBUF
    BUFGCTRL_X0Y0        BUFG (Prop_bufg_I_O)         0.096     3.521 r  clk_IBUF_BUFG_inst/O
                         net (fo=125, routed)         1.615     5.136    cpu0/CLK
    SLICE_X7Y25          FDCE                                         r  cpu0/pc_reg[2]/C
  -------------------------------------------------------------------    -------------------
    SLICE_X7Y25          FDCE (Prop_fdce_C_Q)         0.456     5.592 r  cpu0/pc_reg[2]/Q
                         net (fo=13, routed)          1.242     6.835    cpu0/rf0/led[7][2]
    SLICE_X1Y25          LUT6 (Prop_lut6_I2_O)        0.124     6.959 r  cpu0/rf0/led_OBUF[2]_inst_i_1/O
                         net (fo=2, routed)           1.886     8.844    cpu0/rf0/led_OBUF[2]
    SLICE_X28Y23         LUT4 (Prop_lut4_I1_O)        0.124     8.968 r  cpu0/rf0/seg_OBUF[6]_inst_i_4/O
                         net (fo=7, routed)           1.019     9.987    cpu0/rf0/seg_OBUF[6]_inst_i_4_n_0
    SLICE_X28Y22         LUT4 (Prop_lut4_I2_O)        0.152    10.139 r  cpu0/rf0/seg_OBUF[4]_inst_i_1/O
                         net (fo=1, routed)           2.663    12.802    seg_OBUF[4]
    U5                   OBUF (Prop_obuf_I_O)         3.728    16.530 r  seg_OBUF[4]_inst/O
                         net (fo=0)                   0.000    16.530    seg[4]
    U5                                                                r  seg[4] (OUT)
  -------------------------------------------------------------------    -------------------

Slack:                    inf
  Source:                 cpu0/pc_reg[2]/C
                            (rising edge-triggered cell FDCE clocked by sys_clk_pin  {rise@0.000ns fall@5.000ns period=10.000ns})
  Destination:            seg[1]
                            (output port)
  Path Group:             (none)
  Path Type:              Max at Slow Process Corner
  Data Path Delay:        11.386ns  (logic 4.357ns (38.266%)  route 7.029ns (61.734%))
  Logic Levels:           4  (LUT4=2 LUT6=1 OBUF=1)
  Clock Uncertainty:      0.025ns  ((TSJ^2 + TIJ^2)^1/2 + DJ) / 2 + PE
    Total System Jitter     (TSJ):    0.050ns
    Total Input Jitter      (TIJ):    0.000ns
    Discrete Jitter          (DJ):    0.000ns
    Phase Error              (PE):    0.000ns

    Location             Delay type                Incr(ns)  Path(ns)    Netlist Resource(s)
  -------------------------------------------------------------------    -------------------
                         (clock sys_clk_pin rise edge)
                                                      0.000     0.000 r  
    W5                                                0.000     0.000 r  clk (IN)
                         net (fo=0)                   0.000     0.000    clk
    W5                   IBUF (Prop_ibuf_I_O)         1.458     1.458 r  clk_IBUF_inst/O
                         net (fo=1, routed)           1.967     3.425    clk_IBUF
    BUFGCTRL_X0Y0        BUFG (Prop_bufg_I_O)         0.096     3.521 r  clk_IBUF_BUFG_inst/O
                         net (fo=125, routed)         1.615     5.136    cpu0/CLK
    SLICE_X7Y25          FDCE                                         r  cpu0/pc_reg[2]/C
  -------------------------------------------------------------------    -------------------
    SLICE_X7Y25          FDCE (Prop_fdce_C_Q)         0.456     5.592 r  cpu0/pc_reg[2]/Q
                         net (fo=13, routed)          1.242     6.835    cpu0/rf0/led[7][2]
    SLICE_X1Y25          LUT6 (Prop_lut6_I2_O)        0.124     6.959 r  cpu0/rf0/led_OBUF[2]_inst_i_1/O
                         net (fo=2, routed)           1.886     8.844    cpu0/rf0/led_OBUF[2]
    SLICE_X28Y23         LUT4 (Prop_lut4_I1_O)        0.124     8.968 r  cpu0/rf0/seg_OBUF[6]_inst_i_4/O
                         net (fo=7, routed)           1.016     9.984    cpu0/rf0/seg_OBUF[6]_inst_i_4_n_0
    SLICE_X28Y22         LUT4 (Prop_lut4_I3_O)        0.124    10.108 r  cpu0/rf0/seg_OBUF[1]_inst_i_1/O
                         net (fo=1, routed)           2.885    12.994    seg_OBUF[1]
    W6                   OBUF (Prop_obuf_I_O)         3.529    16.523 r  seg_OBUF[1]_inst/O
                         net (fo=0)                   0.000    16.523    seg[1]
    W6                                                                r  seg[1] (OUT)
  -------------------------------------------------------------------    -------------------

Slack:                    inf
  Source:                 cpu0/rf0/regs_reg[1][7]/C
                            (rising edge-triggered cell FDCE clocked by sys_clk_pin  {rise@0.000ns fall@5.000ns period=10.000ns})
  Destination:            seg[6]
                            (output port)
  Path Group:             (none)
  Path Type:              Max at Slow Process Corner
  Data Path Delay:        11.345ns  (logic 4.359ns (38.428%)  route 6.985ns (61.572%))
  Logic Levels:           4  (LUT4=2 LUT6=1 OBUF=1)
  Clock Uncertainty:      0.025ns  ((TSJ^2 + TIJ^2)^1/2 + DJ) / 2 + PE
    Total System Jitter     (TSJ):    0.050ns
    Total Input Jitter      (TIJ):    0.000ns
    Discrete Jitter          (DJ):    0.000ns
    Phase Error              (PE):    0.000ns

    Location             Delay type                Incr(ns)  Path(ns)    Netlist Resource(s)
  -------------------------------------------------------------------    -------------------
                         (clock sys_clk_pin rise edge)
                                                      0.000     0.000 r  
    W5                                                0.000     0.000 r  clk (IN)
                         net (fo=0)                   0.000     0.000    clk
    W5                   IBUF (Prop_ibuf_I_O)         1.458     1.458 r  clk_IBUF_inst/O
                         net (fo=1, routed)           1.967     3.425    clk_IBUF
    BUFGCTRL_X0Y0        BUFG (Prop_bufg_I_O)         0.096     3.521 r  clk_IBUF_BUFG_inst/O
                         net (fo=125, routed)         1.617     5.138    cpu0/rf0/CLK
    SLICE_X4Y26          FDCE                                         r  cpu0/rf0/regs_reg[1][7]/C
  -------------------------------------------------------------------    -------------------
    SLICE_X4Y26          FDCE (Prop_fdce_C_Q)         0.456     5.594 f  cpu0/rf0/regs_reg[1][7]/Q
                         net (fo=3, routed)           1.311     6.905    cpu0/rf0/regs_reg[1][7]
    SLICE_X2Y26          LUT6 (Prop_lut6_I1_O)        0.124     7.029 f  cpu0/rf0/led_OBUF[7]_inst_i_1/O
                         net (fo=2, routed)           1.703     8.732    cpu0/rf0/led_OBUF[7]
    SLICE_X28Y23         LUT4 (Prop_lut4_I3_O)        0.124     8.856 r  cpu0/rf0/seg_OBUF[6]_inst_i_2/O
                         net (fo=7, routed)           0.837     9.693    cpu0/rf0/seg_OBUF[6]_inst_i_2_n_0
    SLICE_X28Y22         LUT4 (Prop_lut4_I0_O)        0.124     9.817 r  cpu0/rf0/seg_OBUF[6]_inst_i_1/O
                         net (fo=1, routed)           3.134    12.951    seg_OBUF[6]
    U7                   OBUF (Prop_obuf_I_O)         3.531    16.483 r  seg_OBUF[6]_inst/O
                         net (fo=0)                   0.000    16.483    seg[6]
    U7                                                                r  seg[6] (OUT)
  -------------------------------------------------------------------    -------------------

Slack:                    inf
  Source:                 cpu0/pc_reg[2]/C
                            (rising edge-triggered cell FDCE clocked by sys_clk_pin  {rise@0.000ns fall@5.000ns period=10.000ns})
  Destination:            seg[3]
                            (output port)
  Path Group:             (none)
  Path Type:              Max at Slow Process Corner
  Data Path Delay:        11.259ns  (logic 4.364ns (38.757%)  route 6.895ns (61.243%))
  Logic Levels:           4  (LUT4=2 LUT6=1 OBUF=1)
  Clock Uncertainty:      0.025ns  ((TSJ^2 + TIJ^2)^1/2 + DJ) / 2 + PE
    Total System Jitter     (TSJ):    0.050ns
    Total Input Jitter      (TIJ):    0.000ns
    Discrete Jitter          (DJ):    0.000ns
    Phase Error              (PE):    0.000ns

    Location             Delay type                Incr(ns)  Path(ns)    Netlist Resource(s)
  -------------------------------------------------------------------    -------------------
                         (clock sys_clk_pin rise edge)
                                                      0.000     0.000 r  
    W5                                                0.000     0.000 r  clk (IN)
                         net (fo=0)                   0.000     0.000    clk
    W5                   IBUF (Prop_ibuf_I_O)         1.458     1.458 r  clk_IBUF_inst/O
                         net (fo=1, routed)           1.967     3.425    clk_IBUF
    BUFGCTRL_X0Y0        BUFG (Prop_bufg_I_O)         0.096     3.521 r  clk_IBUF_BUFG_inst/O
                         net (fo=125, routed)         1.615     5.136    cpu0/CLK
    SLICE_X7Y25          FDCE                                         r  cpu0/pc_reg[2]/C
  -------------------------------------------------------------------    -------------------
    SLICE_X7Y25          FDCE (Prop_fdce_C_Q)         0.456     5.592 r  cpu0/pc_reg[2]/Q
                         net (fo=13, routed)          1.242     6.835    cpu0/rf0/led[7][2]
    SLICE_X1Y25          LUT6 (Prop_lut6_I2_O)        0.124     6.959 r  cpu0/rf0/led_OBUF[2]_inst_i_1/O
                         net (fo=2, routed)           1.886     8.844    cpu0/rf0/led_OBUF[2]
    SLICE_X28Y23         LUT4 (Prop_lut4_I1_O)        0.124     8.968 r  cpu0/rf0/seg_OBUF[6]_inst_i_4/O
                         net (fo=7, routed)           1.019     9.987    cpu0/rf0/seg_OBUF[6]_inst_i_4_n_0
    SLICE_X28Y22         LUT4 (Prop_lut4_I1_O)        0.124    10.111 r  cpu0/rf0/seg_OBUF[3]_inst_i_1/O
                         net (fo=1, routed)           2.748    12.860    seg_OBUF[3]
    V8                   OBUF (Prop_obuf_I_O)         3.536    16.395 r  seg_OBUF[3]_inst/O
                         net (fo=0)                   0.000    16.395    seg[3]
    V8                                                                r  seg[3] (OUT)
  -------------------------------------------------------------------    -------------------

Slack:                    inf
  Source:                 cpu0/rf0/regs_reg[1][7]/C
                            (rising edge-triggered cell FDCE clocked by sys_clk_pin  {rise@0.000ns fall@5.000ns period=10.000ns})
  Destination:            seg[5]
                            (output port)
  Path Group:             (none)
  Path Type:              Max at Slow Process Corner
  Data Path Delay:        10.988ns  (logic 4.332ns (39.427%)  route 6.656ns (60.573%))
  Logic Levels:           4  (LUT4=2 LUT6=1 OBUF=1)
  Clock Uncertainty:      0.025ns  ((TSJ^2 + TIJ^2)^1/2 + DJ) / 2 + PE
    Total System Jitter     (TSJ):    0.050ns
    Total Input Jitter      (TIJ):    0.000ns
    Discrete Jitter          (DJ):    0.000ns
    Phase Error              (PE):    0.000ns

    Location             Delay type                Incr(ns)  Path(ns)    Netlist Resource(s)
  -------------------------------------------------------------------    -------------------
                         (clock sys_clk_pin rise edge)
                                                      0.000     0.000 r  
    W5                                                0.000     0.000 r  clk (IN)
                         net (fo=0)                   0.000     0.000    clk
    W5                   IBUF (Prop_ibuf_I_O)         1.458     1.458 r  clk_IBUF_inst/O
                         net (fo=1, routed)           1.967     3.425    clk_IBUF
    BUFGCTRL_X0Y0        BUFG (Prop_bufg_I_O)         0.096     3.521 r  clk_IBUF_BUFG_inst/O
                         net (fo=125, routed)         1.617     5.138    cpu0/rf0/CLK
    SLICE_X4Y26          FDCE                                         r  cpu0/rf0/regs_reg[1][7]/C
  -------------------------------------------------------------------    -------------------
    SLICE_X4Y26          FDCE (Prop_fdce_C_Q)         0.456     5.594 f  cpu0/rf0/regs_reg[1][7]/Q
                         net (fo=3, routed)           1.311     6.905    cpu0/rf0/regs_reg[1][7]
    SLICE_X2Y26          LUT6 (Prop_lut6_I1_O)        0.124     7.029 f  cpu0/rf0/led_OBUF[7]_inst_i_1/O
                         net (fo=2, routed)           1.703     8.732    cpu0/rf0/led_OBUF[7]
    SLICE_X28Y23         LUT4 (Prop_lut4_I3_O)        0.124     8.856 r  cpu0/rf0/seg_OBUF[6]_inst_i_2/O
                         net (fo=7, routed)           0.838     9.694    cpu0/rf0/seg_OBUF[6]_inst_i_2_n_0
    SLICE_X28Y22         LUT4 (Prop_lut4_I3_O)        0.124     9.818 r  cpu0/rf0/seg_OBUF[5]_inst_i_1/O
                         net (fo=1, routed)           2.804    12.622    seg_OBUF[5]
    V5                   OBUF (Prop_obuf_I_O)         3.504    16.127 r  seg_OBUF[5]_inst/O
                         net (fo=0)                   0.000    16.127    seg[5]
    V5                                                                r  seg[5] (OUT)
  -------------------------------------------------------------------    -------------------

Slack:                    inf
  Source:                 cpu0/rf0/regs_reg[1][7]/C
                            (rising edge-triggered cell FDCE clocked by sys_clk_pin  {rise@0.000ns fall@5.000ns period=10.000ns})
  Destination:            led[7]
                            (output port)
  Path Group:             (none)
  Path Type:              Max at Slow Process Corner
  Data Path Delay:        8.070ns  (logic 4.081ns (50.568%)  route 3.989ns (49.432%))
  Logic Levels:           2  (LUT6=1 OBUF=1)
  Clock Uncertainty:      0.025ns  ((TSJ^2 + TIJ^2)^1/2 + DJ) / 2 + PE
    Total System Jitter     (TSJ):    0.050ns
    Total Input Jitter      (TIJ):    0.000ns
    Discrete Jitter          (DJ):    0.000ns
    Phase Error              (PE):    0.000ns

    Location             Delay type                Incr(ns)  Path(ns)    Netlist Resource(s)
  -------------------------------------------------------------------    -------------------
                         (clock sys_clk_pin rise edge)
                                                      0.000     0.000 r  
    W5                                                0.000     0.000 r  clk (IN)
                         net (fo=0)                   0.000     0.000    clk
    W5                   IBUF (Prop_ibuf_I_O)         1.458     1.458 r  clk_IBUF_inst/O
                         net (fo=1, routed)           1.967     3.425    clk_IBUF
    BUFGCTRL_X0Y0        BUFG (Prop_bufg_I_O)         0.096     3.521 r  clk_IBUF_BUFG_inst/O
                         net (fo=125, routed)         1.617     5.138    cpu0/rf0/CLK
    SLICE_X4Y26          FDCE                                         r  cpu0/rf0/regs_reg[1][7]/C
  -------------------------------------------------------------------    -------------------
    SLICE_X4Y26          FDCE (Prop_fdce_C_Q)         0.456     5.594 r  cpu0/rf0/regs_reg[1][7]/Q
                         net (fo=3, routed)           1.311     6.905    cpu0/rf0/regs_reg[1][7]
    SLICE_X2Y26          LUT6 (Prop_lut6_I1_O)        0.124     7.029 r  cpu0/rf0/led_OBUF[7]_inst_i_1/O
                         net (fo=2, routed)           2.679     9.707    led_OBUF[7]
    V14                  OBUF (Prop_obuf_I_O)         3.501    13.208 r  led_OBUF[7]_inst/O
                         net (fo=0)                   0.000    13.208    led[7]
    V14                                                               r  led[7] (OUT)
  -------------------------------------------------------------------    -------------------

Slack:                    inf
  Source:                 digit_sel_reg[1]/C
                            (rising edge-triggered cell FDRE clocked by sys_clk_pin  {rise@0.000ns fall@5.000ns period=10.000ns})
  Destination:            an[0]
                            (output port)
  Path Group:             (none)
  Path Type:              Max at Slow Process Corner
  Data Path Delay:        8.118ns  (logic 4.448ns (54.790%)  route 3.670ns (45.210%))
  Logic Levels:           2  (LUT2=1 OBUF=1)
  Clock Uncertainty:      0.025ns  ((TSJ^2 + TIJ^2)^1/2 + DJ) / 2 + PE
    Total System Jitter     (TSJ):    0.050ns
    Total Input Jitter      (TIJ):    0.000ns
    Discrete Jitter          (DJ):    0.000ns
    Phase Error              (PE):    0.000ns

    Location             Delay type                Incr(ns)  Path(ns)    Netlist Resource(s)
  -------------------------------------------------------------------    -------------------
                         (clock sys_clk_pin rise edge)
                                                      0.000     0.000 r  
    W5                                                0.000     0.000 r  clk (IN)
                         net (fo=0)                   0.000     0.000    clk
    W5                   IBUF (Prop_ibuf_I_O)         1.458     1.458 r  clk_IBUF_inst/O
                         net (fo=1, routed)           1.967     3.425    clk_IBUF
    BUFGCTRL_X0Y0        BUFG (Prop_bufg_I_O)         0.096     3.521 r  clk_IBUF_BUFG_inst/O
                         net (fo=125, routed)         1.547     5.068    clk_IBUF_BUFG
    SLICE_X31Y23         FDRE                                         r  digit_sel_reg[1]/C
  -------------------------------------------------------------------    -------------------
    SLICE_X31Y23         FDRE (Prop_fdre_C_Q)         0.419     5.487 r  digit_sel_reg[1]/Q
                         net (fo=7, routed)           0.699     6.186    digit_sel_reg_n_0_[1]
    SLICE_X31Y23         LUT2 (Prop_lut2_I1_O)        0.324     6.510 r  an_OBUF[0]_inst_i_1/O
                         net (fo=1, routed)           2.971     9.481    an_OBUF[0]
    U2                   OBUF (Prop_obuf_I_O)         3.705    13.186 r  an_OBUF[0]_inst/O
                         net (fo=0)                   0.000    13.186    an[0]
    U2                                                                r  an[0] (OUT)
  -------------------------------------------------------------------    -------------------

Slack:                    inf
  Source:                 cpu0/rf0/regs_reg[1][6]/C
                            (rising edge-triggered cell FDCE clocked by sys_clk_pin  {rise@0.000ns fall@5.000ns period=10.000ns})
  Destination:            led[6]
                            (output port)
  Path Group:             (none)
  Path Type:              Max at Slow Process Corner
  Data Path Delay:        7.935ns  (logic 4.086ns (51.497%)  route 3.849ns (48.503%))
  Logic Levels:           2  (LUT6=1 OBUF=1)
  Clock Uncertainty:      0.025ns  ((TSJ^2 + TIJ^2)^1/2 + DJ) / 2 + PE
    Total System Jitter     (TSJ):    0.050ns
    Total Input Jitter      (TIJ):    0.000ns
    Discrete Jitter          (DJ):    0.000ns
    Phase Error              (PE):    0.000ns

    Location             Delay type                Incr(ns)  Path(ns)    Netlist Resource(s)
  -------------------------------------------------------------------    -------------------
                         (clock sys_clk_pin rise edge)
                                                      0.000     0.000 r  
    W5                                                0.000     0.000 r  clk (IN)
                         net (fo=0)                   0.000     0.000    clk
    W5                   IBUF (Prop_ibuf_I_O)         1.458     1.458 r  clk_IBUF_inst/O
                         net (fo=1, routed)           1.967     3.425    clk_IBUF
    BUFGCTRL_X0Y0        BUFG (Prop_bufg_I_O)         0.096     3.521 r  clk_IBUF_BUFG_inst/O
                         net (fo=125, routed)         1.617     5.138    cpu0/rf0/CLK
    SLICE_X4Y26          FDCE                                         r  cpu0/rf0/regs_reg[1][6]/C
  -------------------------------------------------------------------    -------------------
    SLICE_X4Y26          FDCE (Prop_fdce_C_Q)         0.456     5.594 r  cpu0/rf0/regs_reg[1][6]/Q
                         net (fo=4, routed)           1.274     6.868    cpu0/rf0/regs_reg[1][6]
    SLICE_X4Y25          LUT6 (Prop_lut6_I2_O)        0.124     6.992 r  cpu0/rf0/led_OBUF[6]_inst_i_1/O
                         net (fo=2, routed)           2.575     9.567    led_OBUF[6]
    U14                  OBUF (Prop_obuf_I_O)         3.506    13.073 r  led_OBUF[6]_inst/O
                         net (fo=0)                   0.000    13.073    led[6]
    U14                                                               r  led[6] (OUT)
  -------------------------------------------------------------------    -------------------





Min Delay Paths
--------------------------------------------------------------------------------------
Slack:                    inf
  Source:                 cpu0/rf0/regs_reg[2][4]/C
                            (rising edge-triggered cell FDCE clocked by sys_clk_pin  {rise@0.000ns fall@5.000ns period=10.000ns})
  Destination:            led[4]
                            (output port)
  Path Group:             (none)
  Path Type:              Min at Fast Process Corner
  Data Path Delay:        2.004ns  (logic 1.396ns (69.631%)  route 0.609ns (30.369%))
  Logic Levels:           2  (LUT6=1 OBUF=1)
  Clock Uncertainty:      0.025ns  ((TSJ^2 + TIJ^2)^1/2 + DJ) / 2 + PE
    Total System Jitter     (TSJ):    0.050ns
    Total Input Jitter      (TIJ):    0.000ns
    Discrete Jitter          (DJ):    0.000ns
    Phase Error              (PE):    0.000ns

    Location             Delay type                Incr(ns)  Path(ns)    Netlist Resource(s)
  -------------------------------------------------------------------    -------------------
                         (clock sys_clk_pin rise edge)
                                                      0.000     0.000 r  
    W5                                                0.000     0.000 r  clk (IN)
                         net (fo=0)                   0.000     0.000    clk
    W5                   IBUF (Prop_ibuf_I_O)         0.226     0.226 r  clk_IBUF_inst/O
                         net (fo=1, routed)           0.631     0.858    clk_IBUF
    BUFGCTRL_X0Y0        BUFG (Prop_bufg_I_O)         0.026     0.884 r  clk_IBUF_BUFG_inst/O
                         net (fo=125, routed)         0.582     1.465    cpu0/rf0/CLK
    SLICE_X3Y25          FDCE                                         r  cpu0/rf0/regs_reg[2][4]/C
  -------------------------------------------------------------------    -------------------
    SLICE_X3Y25          FDCE (Prop_fdce_C_Q)         0.141     1.606 r  cpu0/rf0/regs_reg[2][4]/Q
                         net (fo=3, routed)           0.137     1.743    cpu0/rf0/regs_reg[2][4]
    SLICE_X4Y25          LUT6 (Prop_lut6_I2_O)        0.045     1.788 r  cpu0/rf0/led_OBUF[4]_inst_i_1/O
                         net (fo=2, routed)           0.471     2.260    led_OBUF[4]
    W18                  OBUF (Prop_obuf_I_O)         1.210     3.470 r  led_OBUF[4]_inst/O
                         net (fo=0)                   0.000     3.470    led[4]
    W18                                                               r  led[4] (OUT)
  -------------------------------------------------------------------    -------------------

Slack:                    inf
  Source:                 cpu0/rf0/regs_reg[3][2]/C
                            (rising edge-triggered cell FDCE clocked by sys_clk_pin  {rise@0.000ns fall@5.000ns period=10.000ns})
  Destination:            led[2]
                            (output port)
  Path Group:             (none)
  Path Type:              Min at Fast Process Corner
  Data Path Delay:        2.005ns  (logic 1.388ns (69.221%)  route 0.617ns (30.779%))
  Logic Levels:           2  (LUT6=1 OBUF=1)
  Clock Uncertainty:      0.025ns  ((TSJ^2 + TIJ^2)^1/2 + DJ) / 2 + PE
    Total System Jitter     (TSJ):    0.050ns
    Total Input Jitter      (TIJ):    0.000ns
    Discrete Jitter          (DJ):    0.000ns
    Phase Error              (PE):    0.000ns

    Location             Delay type                Incr(ns)  Path(ns)    Netlist Resource(s)
  -------------------------------------------------------------------    -------------------
                         (clock sys_clk_pin rise edge)
                                                      0.000     0.000 r  
    W5                                                0.000     0.000 r  clk (IN)
                         net (fo=0)                   0.000     0.000    clk
    W5                   IBUF (Prop_ibuf_I_O)         0.226     0.226 r  clk_IBUF_inst/O
                         net (fo=1, routed)           0.631     0.858    clk_IBUF
    BUFGCTRL_X0Y0        BUFG (Prop_bufg_I_O)         0.026     0.884 r  clk_IBUF_BUFG_inst/O
                         net (fo=125, routed)         0.582     1.465    cpu0/rf0/CLK
    SLICE_X1Y24          FDCE                                         r  cpu0/rf0/regs_reg[3][2]/C
  -------------------------------------------------------------------    -------------------
    SLICE_X1Y24          FDCE (Prop_fdce_C_Q)         0.141     1.606 r  cpu0/rf0/regs_reg[3][2]/Q
                         net (fo=3, routed)           0.150     1.756    cpu0/rf0/regs_reg[3][2]
    SLICE_X1Y25          LUT6 (Prop_lut6_I1_O)        0.045     1.801 r  cpu0/rf0/led_OBUF[2]_inst_i_1/O
                         net (fo=2, routed)           0.467     2.268    led_OBUF[2]
    U19                  OBUF (Prop_obuf_I_O)         1.202     3.470 r  led_OBUF[2]_inst/O
                         net (fo=0)                   0.000     3.470    led[2]
    U19                                                               r  led[2] (OUT)
  -------------------------------------------------------------------    -------------------

Slack:                    inf
  Source:                 cpu0/rf0/regs_reg[1][3]/C
                            (rising edge-triggered cell FDCE clocked by sys_clk_pin  {rise@0.000ns fall@5.000ns period=10.000ns})
  Destination:            led[3]
                            (output port)
  Path Group:             (none)
  Path Type:              Min at Fast Process Corner
  Data Path Delay:        2.056ns  (logic 1.396ns (67.889%)  route 0.660ns (32.111%))
  Logic Levels:           2  (LUT6=1 OBUF=1)
  Clock Uncertainty:      0.025ns  ((TSJ^2 + TIJ^2)^1/2 + DJ) / 2 + PE
    Total System Jitter     (TSJ):    0.050ns
    Total Input Jitter      (TIJ):    0.000ns
    Discrete Jitter          (DJ):    0.000ns
    Phase Error              (PE):    0.000ns

    Location             Delay type                Incr(ns)  Path(ns)    Netlist Resource(s)
  -------------------------------------------------------------------    -------------------
                         (clock sys_clk_pin rise edge)
                                                      0.000     0.000 r  
    W5                                                0.000     0.000 r  clk (IN)
                         net (fo=0)                   0.000     0.000    clk
    W5                   IBUF (Prop_ibuf_I_O)         0.226     0.226 r  clk_IBUF_inst/O
                         net (fo=1, routed)           0.631     0.858    clk_IBUF
    BUFGCTRL_X0Y0        BUFG (Prop_bufg_I_O)         0.026     0.884 r  clk_IBUF_BUFG_inst/O
                         net (fo=125, routed)         0.582     1.465    cpu0/rf0/CLK
    SLICE_X3Y24          FDCE                                         r  cpu0/rf0/regs_reg[1][3]/C
  -------------------------------------------------------------------    -------------------
    SLICE_X3Y24          FDCE (Prop_fdce_C_Q)         0.141     1.606 r  cpu0/rf0/regs_reg[1][3]/Q
                         net (fo=3, routed)           0.243     1.850    cpu0/rf0/regs_reg[1][3]
    SLICE_X3Y24          LUT6 (Prop_lut6_I1_O)        0.045     1.895 r  cpu0/rf0/led_OBUF[3]_inst_i_1/O
                         net (fo=2, routed)           0.417     2.311    led_OBUF[3]
    V19                  OBUF (Prop_obuf_I_O)         1.210     3.522 r  led_OBUF[3]_inst/O
                         net (fo=0)                   0.000     3.522    led[3]
    V19                                                               r  led[3] (OUT)
  -------------------------------------------------------------------    -------------------

Slack:                    inf
  Source:                 cpu0/rf0/regs_reg[1][1]/C
                            (rising edge-triggered cell FDCE clocked by sys_clk_pin  {rise@0.000ns fall@5.000ns period=10.000ns})
  Destination:            led[1]
                            (output port)
  Path Group:             (none)
  Path Type:              Min at Fast Process Corner
  Data Path Delay:        2.155ns  (logic 1.417ns (65.729%)  route 0.739ns (34.271%))
  Logic Levels:           2  (LUT6=1 OBUF=1)
  Clock Uncertainty:      0.025ns  ((TSJ^2 + TIJ^2)^1/2 + DJ) / 2 + PE
    Total System Jitter     (TSJ):    0.050ns
    Total Input Jitter      (TIJ):    0.000ns
    Discrete Jitter          (DJ):    0.000ns
    Phase Error              (PE):    0.000ns

    Location             Delay type                Incr(ns)  Path(ns)    Netlist Resource(s)
  -------------------------------------------------------------------    -------------------
                         (clock sys_clk_pin rise edge)
                                                      0.000     0.000 r  
    W5                                                0.000     0.000 r  clk (IN)
                         net (fo=0)                   0.000     0.000    clk
    W5                   IBUF (Prop_ibuf_I_O)         0.226     0.226 r  clk_IBUF_inst/O
                         net (fo=1, routed)           0.631     0.858    clk_IBUF
    BUFGCTRL_X0Y0        BUFG (Prop_bufg_I_O)         0.026     0.884 r  clk_IBUF_BUFG_inst/O
                         net (fo=125, routed)         0.582     1.465    cpu0/rf0/CLK
    SLICE_X1Y25          FDCE                                         r  cpu0/rf0/regs_reg[1][1]/C
  -------------------------------------------------------------------    -------------------
    SLICE_X1Y25          FDCE (Prop_fdce_C_Q)         0.141     1.606 r  cpu0/rf0/regs_reg[1][1]/Q
                         net (fo=3, routed)           0.120     1.726    cpu0/rf0/regs_reg[1][1]
    SLICE_X2Y25          LUT6 (Prop_lut6_I0_O)        0.045     1.771 r  cpu0/rf0/led_OBUF[1]_inst_i_1/O
                         net (fo=2, routed)           0.618     2.390    led_OBUF[1]
    E19                  OBUF (Prop_obuf_I_O)         1.231     3.620 r  led_OBUF[1]_inst/O
                         net (fo=0)                   0.000     3.620    led[1]
    E19                                                               r  led[1] (OUT)
  -------------------------------------------------------------------    -------------------

Slack:                    inf
  Source:                 cpu0/pc_reg[0]/C
                            (rising edge-triggered cell FDCE clocked by sys_clk_pin  {rise@0.000ns fall@5.000ns period=10.000ns})
  Destination:            led[0]
                            (output port)
  Path Group:             (none)
  Path Type:              Min at Fast Process Corner
  Data Path Delay:        2.201ns  (logic 1.392ns (63.226%)  route 0.810ns (36.774%))
  Logic Levels:           2  (LUT6=1 OBUF=1)
  Clock Uncertainty:      0.025ns  ((TSJ^2 + TIJ^2)^1/2 + DJ) / 2 + PE
    Total System Jitter     (TSJ):    0.050ns
    Total Input Jitter      (TIJ):    0.000ns
    Discrete Jitter          (DJ):    0.000ns
    Phase Error              (PE):    0.000ns

    Location             Delay type                Incr(ns)  Path(ns)    Netlist Resource(s)
  -------------------------------------------------------------------    -------------------
                         (clock sys_clk_pin rise edge)
                                                      0.000     0.000 r  
    W5                                                0.000     0.000 r  clk (IN)
                         net (fo=0)                   0.000     0.000    clk
    W5                   IBUF (Prop_ibuf_I_O)         0.226     0.226 r  clk_IBUF_inst/O
                         net (fo=1, routed)           0.631     0.858    clk_IBUF
    BUFGCTRL_X0Y0        BUFG (Prop_bufg_I_O)         0.026     0.884 r  clk_IBUF_BUFG_inst/O
                         net (fo=125, routed)         0.580     1.463    cpu0/CLK
    SLICE_X7Y25          FDCE                                         r  cpu0/pc_reg[0]/C
  -------------------------------------------------------------------    -------------------
    SLICE_X7Y25          FDCE (Prop_fdce_C_Q)         0.141     1.604 r  cpu0/pc_reg[0]/Q
                         net (fo=15, routed)          0.136     1.740    cpu0/rf0/led[7][0]
    SLICE_X3Y25          LUT6 (Prop_lut6_I2_O)        0.045     1.785 r  cpu0/rf0/led_OBUF[0]_inst_i_1/O
                         net (fo=2, routed)           0.674     2.459    led_OBUF[0]
    U16                  OBUF (Prop_obuf_I_O)         1.206     3.665 r  led_OBUF[0]_inst/O
                         net (fo=0)                   0.000     3.665    led[0]
    U16                                                               r  led[0] (OUT)
  -------------------------------------------------------------------    -------------------

Slack:                    inf
  Source:                 cpu0/rf0/regs_reg[3][7]/C
                            (rising edge-triggered cell FDCE clocked by sys_clk_pin  {rise@0.000ns fall@5.000ns period=10.000ns})
  Destination:            led[7]
                            (output port)
  Path Group:             (none)
  Path Type:              Min at Fast Process Corner
  Data Path Delay:        2.223ns  (logic 1.388ns (62.440%)  route 0.835ns (37.560%))
  Logic Levels:           2  (LUT6=1 OBUF=1)
  Clock Uncertainty:      0.025ns  ((TSJ^2 + TIJ^2)^1/2 + DJ) / 2 + PE
    Total System Jitter     (TSJ):    0.050ns
    Total Input Jitter      (TIJ):    0.000ns
    Discrete Jitter          (DJ):    0.000ns
    Phase Error              (PE):    0.000ns

    Location             Delay type                Incr(ns)  Path(ns)    Netlist Resource(s)
  -------------------------------------------------------------------    -------------------
                         (clock sys_clk_pin rise edge)
                                                      0.000     0.000 r  
    W5                                                0.000     0.000 r  clk (IN)
                         net (fo=0)                   0.000     0.000    clk
    W5                   IBUF (Prop_ibuf_I_O)         0.226     0.226 r  clk_IBUF_inst/O
                         net (fo=1, routed)           0.631     0.858    clk_IBUF
    BUFGCTRL_X0Y0        BUFG (Prop_bufg_I_O)         0.026     0.884 r  clk_IBUF_BUFG_inst/O
                         net (fo=125, routed)         0.583     1.466    cpu0/rf0/CLK
    SLICE_X3Y26          FDCE                                         r  cpu0/rf0/regs_reg[3][7]/C
  -------------------------------------------------------------------    -------------------
    SLICE_X3Y26          FDCE (Prop_fdce_C_Q)         0.141     1.607 r  cpu0/rf0/regs_reg[3][7]/Q
                         net (fo=3, routed)           0.064     1.671    cpu0/rf0/regs_reg[3][7]
    SLICE_X2Y26          LUT6 (Prop_lut6_I5_O)        0.045     1.716 r  cpu0/rf0/led_OBUF[7]_inst_i_1/O
                         net (fo=2, routed)           0.771     2.487    led_OBUF[7]
    V14                  OBUF (Prop_obuf_I_O)         1.202     3.689 r  led_OBUF[7]_inst/O
                         net (fo=0)                   0.000     3.689    led[7]
    V14                                                               r  led[7] (OUT)
  -------------------------------------------------------------------    -------------------

Slack:                    inf
  Source:                 cpu0/rf0/regs_reg[2][6]/C
                            (rising edge-triggered cell FDCE clocked by sys_clk_pin  {rise@0.000ns fall@5.000ns period=10.000ns})
  Destination:            led[6]
                            (output port)
  Path Group:             (none)
  Path Type:              Min at Fast Process Corner
  Data Path Delay:        2.266ns  (logic 1.393ns (61.483%)  route 0.873ns (38.517%))
  Logic Levels:           2  (LUT6=1 OBUF=1)
  Clock Uncertainty:      0.025ns  ((TSJ^2 + TIJ^2)^1/2 + DJ) / 2 + PE
    Total System Jitter     (TSJ):    0.050ns
    Total Input Jitter      (TIJ):    0.000ns
    Discrete Jitter          (DJ):    0.000ns
    Phase Error              (PE):    0.000ns

    Location             Delay type                Incr(ns)  Path(ns)    Netlist Resource(s)
  -------------------------------------------------------------------    -------------------
                         (clock sys_clk_pin rise edge)
                                                      0.000     0.000 r  
    W5                                                0.000     0.000 r  clk (IN)
                         net (fo=0)                   0.000     0.000    clk
    W5                   IBUF (Prop_ibuf_I_O)         0.226     0.226 r  clk_IBUF_inst/O
                         net (fo=1, routed)           0.631     0.858    clk_IBUF
    BUFGCTRL_X0Y0        BUFG (Prop_bufg_I_O)         0.026     0.884 r  clk_IBUF_BUFG_inst/O
                         net (fo=125, routed)         0.581     1.464    cpu0/rf0/CLK
    SLICE_X5Y26          FDCE                                         r  cpu0/rf0/regs_reg[2][6]/C
  -------------------------------------------------------------------    -------------------
    SLICE_X5Y26          FDCE (Prop_fdce_C_Q)         0.141     1.605 r  cpu0/rf0/regs_reg[2][6]/Q
                         net (fo=4, routed)           0.130     1.735    cpu0/rf0/regs_reg[2][6]
    SLICE_X4Y25          LUT6 (Prop_lut6_I0_O)        0.045     1.780 r  cpu0/rf0/led_OBUF[6]_inst_i_1/O
                         net (fo=2, routed)           0.743     2.523    led_OBUF[6]
    U14                  OBUF (Prop_obuf_I_O)         1.207     3.730 r  led_OBUF[6]_inst/O
                         net (fo=0)                   0.000     3.730    led[6]
    U14                                                               r  led[6] (OUT)
  -------------------------------------------------------------------    -------------------

Slack:                    inf
  Source:                 cpu0/rf0/regs_reg[3][5]/C
                            (rising edge-triggered cell FDCE clocked by sys_clk_pin  {rise@0.000ns fall@5.000ns period=10.000ns})
  Destination:            led[5]
                            (output port)
  Path Group:             (none)
  Path Type:              Min at Fast Process Corner
  Data Path Delay:        2.272ns  (logic 1.402ns (61.674%)  route 0.871ns (38.326%))
  Logic Levels:           2  (LUT6=1 OBUF=1)
  Clock Uncertainty:      0.025ns  ((TSJ^2 + TIJ^2)^1/2 + DJ) / 2 + PE
    Total System Jitter     (TSJ):    0.050ns
    Total Input Jitter      (TIJ):    0.000ns
    Discrete Jitter          (DJ):    0.000ns
    Phase Error              (PE):    0.000ns

    Location             Delay type                Incr(ns)  Path(ns)    Netlist Resource(s)
  -------------------------------------------------------------------    -------------------
                         (clock sys_clk_pin rise edge)
                                                      0.000     0.000 r  
    W5                                                0.000     0.000 r  clk (IN)
                         net (fo=0)                   0.000     0.000    clk
    W5                   IBUF (Prop_ibuf_I_O)         0.226     0.226 r  clk_IBUF_inst/O
                         net (fo=1, routed)           0.631     0.858    clk_IBUF
    BUFGCTRL_X0Y0        BUFG (Prop_bufg_I_O)         0.026     0.884 r  clk_IBUF_BUFG_inst/O
                         net (fo=125, routed)         0.583     1.466    cpu0/rf0/CLK
    SLICE_X3Y26          FDCE                                         r  cpu0/rf0/regs_reg[3][5]/C
  -------------------------------------------------------------------    -------------------
    SLICE_X3Y26          FDCE (Prop_fdce_C_Q)         0.141     1.607 r  cpu0/rf0/regs_reg[3][5]/Q
                         net (fo=3, routed)           0.198     1.805    cpu0/rf0/regs_reg[3][5]
    SLICE_X1Y26          LUT6 (Prop_lut6_I5_O)        0.045     1.850 r  cpu0/rf0/led_OBUF[5]_inst_i_1/O
                         net (fo=2, routed)           0.673     2.523    led_OBUF[5]
    U15                  OBUF (Prop_obuf_I_O)         1.216     3.739 r  led_OBUF[5]_inst/O
                         net (fo=0)                   0.000     3.739    led[5]
    U15                                                               r  led[5] (OUT)
  -------------------------------------------------------------------    -------------------

Slack:                    inf
  Source:                 digit_sel_reg[0]/C
                            (rising edge-triggered cell FDRE clocked by sys_clk_pin  {rise@0.000ns fall@5.000ns period=10.000ns})
  Destination:            an[1]
                            (output port)
  Path Group:             (none)
  Path Type:              Min at Fast Process Corner
  Data Path Delay:        2.598ns  (logic 1.386ns (53.360%)  route 1.212ns (46.640%))
  Logic Levels:           2  (LUT2=1 OBUF=1)
  Clock Uncertainty:      0.025ns  ((TSJ^2 + TIJ^2)^1/2 + DJ) / 2 + PE
    Total System Jitter     (TSJ):    0.050ns
    Total Input Jitter      (TIJ):    0.000ns
    Discrete Jitter          (DJ):    0.000ns
    Phase Error              (PE):    0.000ns

    Location             Delay type                Incr(ns)  Path(ns)    Netlist Resource(s)
  -------------------------------------------------------------------    -------------------
                         (clock sys_clk_pin rise edge)
                                                      0.000     0.000 r  
    W5                                                0.000     0.000 r  clk (IN)
                         net (fo=0)                   0.000     0.000    clk
    W5                   IBUF (Prop_ibuf_I_O)         0.226     0.226 r  clk_IBUF_inst/O
                         net (fo=1, routed)           0.631     0.858    clk_IBUF
    BUFGCTRL_X0Y0        BUFG (Prop_bufg_I_O)         0.026     0.884 r  clk_IBUF_BUFG_inst/O
                         net (fo=125, routed)         0.551     1.434    clk_IBUF_BUFG
    SLICE_X31Y23         FDRE                                         r  digit_sel_reg[0]/C
  -------------------------------------------------------------------    -------------------
    SLICE_X31Y23         FDRE (Prop_fdre_C_Q)         0.141     1.575 f  digit_sel_reg[0]/Q
                         net (fo=8, routed)           0.242     1.817    digit_sel_reg_n_0_[0]
    SLICE_X31Y23         LUT2 (Prop_lut2_I1_O)        0.045     1.862 r  an_OBUF[1]_inst_i_1/O
                         net (fo=1, routed)           0.969     2.832    an_OBUF[1]
    U4                   OBUF (Prop_obuf_I_O)         1.200     4.032 r  an_OBUF[1]_inst/O
                         net (fo=0)                   0.000     4.032    an[1]
    U4                                                                r  an[1] (OUT)
  -------------------------------------------------------------------    -------------------

Slack:                    inf
  Source:                 digit_sel_reg[0]/C
                            (rising edge-triggered cell FDRE clocked by sys_clk_pin  {rise@0.000ns fall@5.000ns period=10.000ns})
  Destination:            an[0]
                            (output port)
  Path Group:             (none)
  Path Type:              Min at Fast Process Corner
  Data Path Delay:        2.678ns  (logic 1.451ns (54.193%)  route 1.227ns (45.807%))
  Logic Levels:           2  (LUT2=1 OBUF=1)
  Clock Uncertainty:      0.025ns  ((TSJ^2 + TIJ^2)^1/2 + DJ) / 2 + PE
    Total System Jitter     (TSJ):    0.050ns
    Total Input Jitter      (TIJ):    0.000ns
    Discrete Jitter          (DJ):    0.000ns
    Phase Error              (PE):    0.000ns

    Location             Delay type                Incr(ns)  Path(ns)    Netlist Resource(s)
  -------------------------------------------------------------------    -------------------
                         (clock sys_clk_pin rise edge)
                                                      0.000     0.000 r  
    W5                                                0.000     0.000 r  clk (IN)
                         net (fo=0)                   0.000     0.000    clk
    W5                   IBUF (Prop_ibuf_I_O)         0.226     0.226 r  clk_IBUF_inst/O
                         net (fo=1, routed)           0.631     0.858    clk_IBUF
    BUFGCTRL_X0Y0        BUFG (Prop_bufg_I_O)         0.026     0.884 r  clk_IBUF_BUFG_inst/O
                         net (fo=125, routed)         0.551     1.434    clk_IBUF_BUFG
    SLICE_X31Y23         FDRE                                         r  digit_sel_reg[0]/C
  -------------------------------------------------------------------    -------------------
    SLICE_X31Y23         FDRE (Prop_fdre_C_Q)         0.141     1.575 r  digit_sel_reg[0]/Q
                         net (fo=8, routed)           0.242     1.817    digit_sel_reg_n_0_[0]
    SLICE_X31Y23         LUT2 (Prop_lut2_I0_O)        0.044     1.861 r  an_OBUF[0]_inst_i_1/O
                         net (fo=1, routed)           0.984     2.846    an_OBUF[0]
    U2                   OBUF (Prop_obuf_I_O)         1.266     4.112 r  an_OBUF[0]_inst/O
                         net (fo=0)                   0.000     4.112    an[0]
    U2                                                                r  an[0] (OUT)
  -------------------------------------------------------------------    -------------------





--------------------------------------------------------------------------------------
Path Group:  (none)
From Clock:  
  To Clock:  sys_clk_pin

Max Delay           125 Endpoints
Min Delay           125 Endpoints
--------------------------------------------------------------------------------------


Max Delay Paths
--------------------------------------------------------------------------------------
Slack:                    inf
  Source:                 rst_btn
                            (input port)
  Destination:            refresh_cnt_reg[10]/R
                            (rising edge-triggered cell FDRE clocked by sys_clk_pin  {rise@0.000ns fall@5.000ns period=10.000ns})
  Path Group:             (none)
  Path Type:              Setup (Max at Slow Process Corner)
  Data Path Delay:        5.552ns  (logic 1.565ns (28.195%)  route 3.986ns (71.805%))
  Logic Levels:           2  (IBUF=1 LUT2=1)
  Clock Path Skew:        4.775ns (DCD - SCD + CPR)
    Destination Clock Delay (DCD):    4.775ns
    Source Clock Delay      (SCD):    0.000ns
    Clock Pessimism Removal (CPR):    0.000ns
  Clock Uncertainty:      0.025ns  ((TSJ^2 + TIJ^2)^1/2 + DJ) / 2 + PE
    Total System Jitter     (TSJ):    0.050ns
    Total Input Jitter      (TIJ):    0.000ns
    Discrete Jitter          (DJ):    0.000ns
    Phase Error              (PE):    0.000ns

    Location             Delay type                Incr(ns)  Path(ns)    Netlist Resource(s)
  -------------------------------------------------------------------    -------------------
    U18                                               0.000     0.000 r  rst_btn (IN)
                         net (fo=0)                   0.000     0.000    rst_btn
    U18                  IBUF (Prop_ibuf_I_O)         1.441     1.441 r  rst_btn_IBUF_inst/O
                         net (fo=84, routed)          3.336     4.777    rst_btn_IBUF
    SLICE_X31Y20         LUT2 (Prop_lut2_I0_O)        0.124     4.901 r  refresh_cnt[0]_i_1/O
                         net (fo=17, routed)          0.651     5.552    refresh_cnt[0]_i_1_n_0
    SLICE_X30Y20         FDRE                                         r  refresh_cnt_reg[10]/R
  -------------------------------------------------------------------    -------------------

                         (clock sys_clk_pin rise edge)
                                                      0.000     0.000 r  
    W5                                                0.000     0.000 r  clk (IN)
                         net (fo=0)                   0.000     0.000    clk
    W5                   IBUF (Prop_ibuf_I_O)         1.388     1.388 r  clk_IBUF_inst/O
                         net (fo=1, routed)           1.862     3.250    clk_IBUF
    BUFGCTRL_X0Y0        BUFG (Prop_bufg_I_O)         0.091     3.341 r  clk_IBUF_BUFG_inst/O
                         net (fo=125, routed)         1.434     4.775    clk_IBUF_BUFG
    SLICE_X30Y20         FDRE                                         r  refresh_cnt_reg[10]/C

Slack:                    inf
  Source:                 rst_btn
                            (input port)
  Destination:            refresh_cnt_reg[11]/R
                            (rising edge-triggered cell FDRE clocked by sys_clk_pin  {rise@0.000ns fall@5.000ns period=10.000ns})
  Path Group:             (none)
  Path Type:              Setup (Max at Slow Process Corner)
  Data Path Delay:        5.552ns  (logic 1.565ns (28.195%)  route 3.986ns (71.805%))
  Logic Levels:           2  (IBUF=1 LUT2=1)
  Clock Path Skew:        4.775ns (DCD - SCD + CPR)
    Destination Clock Delay (DCD):    4.775ns
    Source Clock Delay      (SCD):    0.000ns
    Clock Pessimism Removal (CPR):    0.000ns
  Clock Uncertainty:      0.025ns  ((TSJ^2 + TIJ^2)^1/2 + DJ) / 2 + PE
    Total System Jitter     (TSJ):    0.050ns
    Total Input Jitter      (TIJ):    0.000ns
    Discrete Jitter          (DJ):    0.000ns
    Phase Error              (PE):    0.000ns

    Location             Delay type                Incr(ns)  Path(ns)    Netlist Resource(s)
  -------------------------------------------------------------------    -------------------
    U18                                               0.000     0.000 r  rst_btn (IN)
                         net (fo=0)                   0.000     0.000    rst_btn
    U18                  IBUF (Prop_ibuf_I_O)         1.441     1.441 r  rst_btn_IBUF_inst/O
                         net (fo=84, routed)          3.336     4.777    rst_btn_IBUF
    SLICE_X31Y20         LUT2 (Prop_lut2_I0_O)        0.124     4.901 r  refresh_cnt[0]_i_1/O
                         net (fo=17, routed)          0.651     5.552    refresh_cnt[0]_i_1_n_0
    SLICE_X30Y20         FDRE                                         r  refresh_cnt_reg[11]/R
  -------------------------------------------------------------------    -------------------

                         (clock sys_clk_pin rise edge)
                                                      0.000     0.000 r  
    W5                                                0.000     0.000 r  clk (IN)
                         net (fo=0)                   0.000     0.000    clk
    W5                   IBUF (Prop_ibuf_I_O)         1.388     1.388 r  clk_IBUF_inst/O
                         net (fo=1, routed)           1.862     3.250    clk_IBUF
    BUFGCTRL_X0Y0        BUFG (Prop_bufg_I_O)         0.091     3.341 r  clk_IBUF_BUFG_inst/O
                         net (fo=125, routed)         1.434     4.775    clk_IBUF_BUFG
    SLICE_X30Y20         FDRE                                         r  refresh_cnt_reg[11]/C

Slack:                    inf
  Source:                 rst_btn
                            (input port)
  Destination:            refresh_cnt_reg[8]/R
                            (rising edge-triggered cell FDRE clocked by sys_clk_pin  {rise@0.000ns fall@5.000ns period=10.000ns})
  Path Group:             (none)
  Path Type:              Setup (Max at Slow Process Corner)
  Data Path Delay:        5.552ns  (logic 1.565ns (28.195%)  route 3.986ns (71.805%))
  Logic Levels:           2  (IBUF=1 LUT2=1)
  Clock Path Skew:        4.775ns (DCD - SCD + CPR)
    Destination Clock Delay (DCD):    4.775ns
    Source Clock Delay      (SCD):    0.000ns
    Clock Pessimism Removal (CPR):    0.000ns
  Clock Uncertainty:      0.025ns  ((TSJ^2 + TIJ^2)^1/2 + DJ) / 2 + PE
    Total System Jitter     (TSJ):    0.050ns
    Total Input Jitter      (TIJ):    0.000ns
    Discrete Jitter          (DJ):    0.000ns
    Phase Error              (PE):    0.000ns

    Location             Delay type                Incr(ns)  Path(ns)    Netlist Resource(s)
  -------------------------------------------------------------------    -------------------
    U18                                               0.000     0.000 r  rst_btn (IN)
                         net (fo=0)                   0.000     0.000    rst_btn
    U18                  IBUF (Prop_ibuf_I_O)         1.441     1.441 r  rst_btn_IBUF_inst/O
                         net (fo=84, routed)          3.336     4.777    rst_btn_IBUF
    SLICE_X31Y20         LUT2 (Prop_lut2_I0_O)        0.124     4.901 r  refresh_cnt[0]_i_1/O
                         net (fo=17, routed)          0.651     5.552    refresh_cnt[0]_i_1_n_0
    SLICE_X30Y20         FDRE                                         r  refresh_cnt_reg[8]/R
  -------------------------------------------------------------------    -------------------

                         (clock sys_clk_pin rise edge)
                                                      0.000     0.000 r  
    W5                                                0.000     0.000 r  clk (IN)
                         net (fo=0)                   0.000     0.000    clk
    W5                   IBUF (Prop_ibuf_I_O)         1.388     1.388 r  clk_IBUF_inst/O
                         net (fo=1, routed)           1.862     3.250    clk_IBUF
    BUFGCTRL_X0Y0        BUFG (Prop_bufg_I_O)         0.091     3.341 r  clk_IBUF_BUFG_inst/O
                         net (fo=125, routed)         1.434     4.775    clk_IBUF_BUFG
    SLICE_X30Y20         FDRE                                         r  refresh_cnt_reg[8]/C

Slack:                    inf
  Source:                 rst_btn
                            (input port)
  Destination:            refresh_cnt_reg[9]/R
                            (rising edge-triggered cell FDRE clocked by sys_clk_pin  {rise@0.000ns fall@5.000ns period=10.000ns})
  Path Group:             (none)
  Path Type:              Setup (Max at Slow Process Corner)
  Data Path Delay:        5.552ns  (logic 1.565ns (28.195%)  route 3.986ns (71.805%))
  Logic Levels:           2  (IBUF=1 LUT2=1)
  Clock Path Skew:        4.775ns (DCD - SCD + CPR)
    Destination Clock Delay (DCD):    4.775ns
    Source Clock Delay      (SCD):    0.000ns
    Clock Pessimism Removal (CPR):    0.000ns
  Clock Uncertainty:      0.025ns  ((TSJ^2 + TIJ^2)^1/2 + DJ) / 2 + PE
    Total System Jitter     (TSJ):    0.050ns
    Total Input Jitter      (TIJ):    0.000ns
    Discrete Jitter          (DJ):    0.000ns
    Phase Error              (PE):    0.000ns

    Location             Delay type                Incr(ns)  Path(ns)    Netlist Resource(s)
  -------------------------------------------------------------------    -------------------
    U18                                               0.000     0.000 r  rst_btn (IN)
                         net (fo=0)                   0.000     0.000    rst_btn
    U18                  IBUF (Prop_ibuf_I_O)         1.441     1.441 r  rst_btn_IBUF_inst/O
                         net (fo=84, routed)          3.336     4.777    rst_btn_IBUF
    SLICE_X31Y20         LUT2 (Prop_lut2_I0_O)        0.124     4.901 r  refresh_cnt[0]_i_1/O
                         net (fo=17, routed)          0.651     5.552    refresh_cnt[0]_i_1_n_0
    SLICE_X30Y20         FDRE                                         r  refresh_cnt_reg[9]/R
  -------------------------------------------------------------------    -------------------

                         (clock sys_clk_pin rise edge)
                                                      0.000     0.000 r  
    W5                                                0.000     0.000 r  clk (IN)
                         net (fo=0)                   0.000     0.000    clk
    W5                   IBUF (Prop_ibuf_I_O)         1.388     1.388 r  clk_IBUF_inst/O
                         net (fo=1, routed)           1.862     3.250    clk_IBUF
    BUFGCTRL_X0Y0        BUFG (Prop_bufg_I_O)         0.091     3.341 r  clk_IBUF_BUFG_inst/O
                         net (fo=125, routed)         1.434     4.775    clk_IBUF_BUFG
    SLICE_X30Y20         FDRE                                         r  refresh_cnt_reg[9]/C

Slack:                    inf
  Source:                 rst_btn
                            (input port)
  Destination:            refresh_cnt_reg[0]/R
                            (rising edge-triggered cell FDRE clocked by sys_clk_pin  {rise@0.000ns fall@5.000ns period=10.000ns})
  Path Group:             (none)
  Path Type:              Setup (Max at Slow Process Corner)
  Data Path Delay:        5.452ns  (logic 1.565ns (28.709%)  route 3.887ns (71.291%))
  Logic Levels:           2  (IBUF=1 LUT2=1)
  Clock Path Skew:        4.776ns (DCD - SCD + CPR)
    Destination Clock Delay (DCD):    4.776ns
    Source Clock Delay      (SCD):    0.000ns
    Clock Pessimism Removal (CPR):    0.000ns
  Clock Uncertainty:      0.025ns  ((TSJ^2 + TIJ^2)^1/2 + DJ) / 2 + PE
    Total System Jitter     (TSJ):    0.050ns
    Total Input Jitter      (TIJ):    0.000ns
    Discrete Jitter          (DJ):    0.000ns
    Phase Error              (PE):    0.000ns

    Location             Delay type                Incr(ns)  Path(ns)    Netlist Resource(s)
  -------------------------------------------------------------------    -------------------
    U18                                               0.000     0.000 r  rst_btn (IN)
                         net (fo=0)                   0.000     0.000    rst_btn
    U18                  IBUF (Prop_ibuf_I_O)         1.441     1.441 r  rst_btn_IBUF_inst/O
                         net (fo=84, routed)          3.336     4.777    rst_btn_IBUF
    SLICE_X31Y20         LUT2 (Prop_lut2_I0_O)        0.124     4.901 r  refresh_cnt[0]_i_1/O
                         net (fo=17, routed)          0.551     5.452    refresh_cnt[0]_i_1_n_0
    SLICE_X30Y18         FDRE                                         r  refresh_cnt_reg[0]/R
  -------------------------------------------------------------------    -------------------

                         (clock sys_clk_pin rise edge)
                                                      0.000     0.000 r  
    W5                                                0.000     0.000 r  clk (IN)
                         net (fo=0)                   0.000     0.000    clk
    W5                   IBUF (Prop_ibuf_I_O)         1.388     1.388 r  clk_IBUF_inst/O
                         net (fo=1, routed)           1.862     3.250    clk_IBUF
    BUFGCTRL_X0Y0        BUFG (Prop_bufg_I_O)         0.091     3.341 r  clk_IBUF_BUFG_inst/O
                         net (fo=125, routed)         1.435     4.776    clk_IBUF_BUFG
    SLICE_X30Y18         FDRE                                         r  refresh_cnt_reg[0]/C

Slack:                    inf
  Source:                 rst_btn
                            (input port)
  Destination:            refresh_cnt_reg[1]/R
                            (rising edge-triggered cell FDRE clocked by sys_clk_pin  {rise@0.000ns fall@5.000ns period=10.000ns})
  Path Group:             (none)
  Path Type:              Setup (Max at Slow Process Corner)
  Data Path Delay:        5.452ns  (logic 1.565ns (28.709%)  route 3.887ns (71.291%))
  Logic Levels:           2  (IBUF=1 LUT2=1)
  Clock Path Skew:        4.776ns (DCD - SCD + CPR)
    Destination Clock Delay (DCD):    4.776ns
    Source Clock Delay      (SCD):    0.000ns
    Clock Pessimism Removal (CPR):    0.000ns
  Clock Uncertainty:      0.025ns  ((TSJ^2 + TIJ^2)^1/2 + DJ) / 2 + PE
    Total System Jitter     (TSJ):    0.050ns
    Total Input Jitter      (TIJ):    0.000ns
    Discrete Jitter          (DJ):    0.000ns
    Phase Error              (PE):    0.000ns

    Location             Delay type                Incr(ns)  Path(ns)    Netlist Resource(s)
  -------------------------------------------------------------------    -------------------
    U18                                               0.000     0.000 r  rst_btn (IN)
                         net (fo=0)                   0.000     0.000    rst_btn
    U18                  IBUF (Prop_ibuf_I_O)         1.441     1.441 r  rst_btn_IBUF_inst/O
                         net (fo=84, routed)          3.336     4.777    rst_btn_IBUF
    SLICE_X31Y20         LUT2 (Prop_lut2_I0_O)        0.124     4.901 r  refresh_cnt[0]_i_1/O
                         net (fo=17, routed)          0.551     5.452    refresh_cnt[0]_i_1_n_0
    SLICE_X30Y18         FDRE                                         r  refresh_cnt_reg[1]/R
  -------------------------------------------------------------------    -------------------

                         (clock sys_clk_pin rise edge)
                                                      0.000     0.000 r  
    W5                                                0.000     0.000 r  clk (IN)
                         net (fo=0)                   0.000     0.000    clk
    W5                   IBUF (Prop_ibuf_I_O)         1.388     1.388 r  clk_IBUF_inst/O
                         net (fo=1, routed)           1.862     3.250    clk_IBUF
    BUFGCTRL_X0Y0        BUFG (Prop_bufg_I_O)         0.091     3.341 r  clk_IBUF_BUFG_inst/O
                         net (fo=125, routed)         1.435     4.776    clk_IBUF_BUFG
    SLICE_X30Y18         FDRE                                         r  refresh_cnt_reg[1]/C

Slack:                    inf
  Source:                 rst_btn
                            (input port)
  Destination:            refresh_cnt_reg[2]/R
                            (rising edge-triggered cell FDRE clocked by sys_clk_pin  {rise@0.000ns fall@5.000ns period=10.000ns})
  Path Group:             (none)
  Path Type:              Setup (Max at Slow Process Corner)
  Data Path Delay:        5.452ns  (logic 1.565ns (28.709%)  route 3.887ns (71.291%))
  Logic Levels:           2  (IBUF=1 LUT2=1)
  Clock Path Skew:        4.776ns (DCD - SCD + CPR)
    Destination Clock Delay (DCD):    4.776ns
    Source Clock Delay      (SCD):    0.000ns
    Clock Pessimism Removal (CPR):    0.000ns
  Clock Uncertainty:      0.025ns  ((TSJ^2 + TIJ^2)^1/2 + DJ) / 2 + PE
    Total System Jitter     (TSJ):    0.050ns
    Total Input Jitter      (TIJ):    0.000ns
    Discrete Jitter          (DJ):    0.000ns
    Phase Error              (PE):    0.000ns

    Location             Delay type                Incr(ns)  Path(ns)    Netlist Resource(s)
  -------------------------------------------------------------------    -------------------
    U18                                               0.000     0.000 r  rst_btn (IN)
                         net (fo=0)                   0.000     0.000    rst_btn
    U18                  IBUF (Prop_ibuf_I_O)         1.441     1.441 r  rst_btn_IBUF_inst/O
                         net (fo=84, routed)          3.336     4.777    rst_btn_IBUF
    SLICE_X31Y20         LUT2 (Prop_lut2_I0_O)        0.124     4.901 r  refresh_cnt[0]_i_1/O
                         net (fo=17, routed)          0.551     5.452    refresh_cnt[0]_i_1_n_0
    SLICE_X30Y18         FDRE                                         r  refresh_cnt_reg[2]/R
  -------------------------------------------------------------------    -------------------

                         (clock sys_clk_pin rise edge)
                                                      0.000     0.000 r  
    W5                                                0.000     0.000 r  clk (IN)
                         net (fo=0)                   0.000     0.000    clk
    W5                   IBUF (Prop_ibuf_I_O)         1.388     1.388 r  clk_IBUF_inst/O
                         net (fo=1, routed)           1.862     3.250    clk_IBUF
    BUFGCTRL_X0Y0        BUFG (Prop_bufg_I_O)         0.091     3.341 r  clk_IBUF_BUFG_inst/O
                         net (fo=125, routed)         1.435     4.776    clk_IBUF_BUFG
    SLICE_X30Y18         FDRE                                         r  refresh_cnt_reg[2]/C

Slack:                    inf
  Source:                 rst_btn
                            (input port)
  Destination:            refresh_cnt_reg[3]/R
                            (rising edge-triggered cell FDRE clocked by sys_clk_pin  {rise@0.000ns fall@5.000ns period=10.000ns})
  Path Group:             (none)
  Path Type:              Setup (Max at Slow Process Corner)
  Data Path Delay:        5.452ns  (logic 1.565ns (28.709%)  route 3.887ns (71.291%))
  Logic Levels:           2  (IBUF=1 LUT2=1)
  Clock Path Skew:        4.776ns (DCD - SCD + CPR)
    Destination Clock Delay (DCD):    4.776ns
    Source Clock Delay      (SCD):    0.000ns
    Clock Pessimism Removal (CPR):    0.000ns
  Clock Uncertainty:      0.025ns  ((TSJ^2 + TIJ^2)^1/2 + DJ) / 2 + PE
    Total System Jitter     (TSJ):    0.050ns
    Total Input Jitter      (TIJ):    0.000ns
    Discrete Jitter          (DJ):    0.000ns
    Phase Error              (PE):    0.000ns

    Location             Delay type                Incr(ns)  Path(ns)    Netlist Resource(s)
  -------------------------------------------------------------------    -------------------
    U18                                               0.000     0.000 r  rst_btn (IN)
                         net (fo=0)                   0.000     0.000    rst_btn
    U18                  IBUF (Prop_ibuf_I_O)         1.441     1.441 r  rst_btn_IBUF_inst/O
                         net (fo=84, routed)          3.336     4.777    rst_btn_IBUF
    SLICE_X31Y20         LUT2 (Prop_lut2_I0_O)        0.124     4.901 r  refresh_cnt[0]_i_1/O
                         net (fo=17, routed)          0.551     5.452    refresh_cnt[0]_i_1_n_0
    SLICE_X30Y18         FDRE                                         r  refresh_cnt_reg[3]/R
  -------------------------------------------------------------------    -------------------

                         (clock sys_clk_pin rise edge)
                                                      0.000     0.000 r  
    W5                                                0.000     0.000 r  clk (IN)
                         net (fo=0)                   0.000     0.000    clk
    W5                   IBUF (Prop_ibuf_I_O)         1.388     1.388 r  clk_IBUF_inst/O
                         net (fo=1, routed)           1.862     3.250    clk_IBUF
    BUFGCTRL_X0Y0        BUFG (Prop_bufg_I_O)         0.091     3.341 r  clk_IBUF_BUFG_inst/O
                         net (fo=125, routed)         1.435     4.776    clk_IBUF_BUFG
    SLICE_X30Y18         FDRE                                         r  refresh_cnt_reg[3]/C

Slack:                    inf
  Source:                 rst_btn
                            (input port)
  Destination:            refresh_cnt_reg[4]/R
                            (rising edge-triggered cell FDRE clocked by sys_clk_pin  {rise@0.000ns fall@5.000ns period=10.000ns})
  Path Group:             (none)
  Path Type:              Setup (Max at Slow Process Corner)
  Data Path Delay:        5.413ns  (logic 1.565ns (28.916%)  route 3.848ns (71.084%))
  Logic Levels:           2  (IBUF=1 LUT2=1)
  Clock Path Skew:        4.775ns (DCD - SCD + CPR)
    Destination Clock Delay (DCD):    4.775ns
    Source Clock Delay      (SCD):    0.000ns
    Clock Pessimism Removal (CPR):    0.000ns
  Clock Uncertainty:      0.025ns  ((TSJ^2 + TIJ^2)^1/2 + DJ) / 2 + PE
    Total System Jitter     (TSJ):    0.050ns
    Total Input Jitter      (TIJ):    0.000ns
    Discrete Jitter          (DJ):    0.000ns
    Phase Error              (PE):    0.000ns

    Location             Delay type                Incr(ns)  Path(ns)    Netlist Resource(s)
  -------------------------------------------------------------------    -------------------
    U18                                               0.000     0.000 r  rst_btn (IN)
                         net (fo=0)                   0.000     0.000    rst_btn
    U18                  IBUF (Prop_ibuf_I_O)         1.441     1.441 r  rst_btn_IBUF_inst/O
                         net (fo=84, routed)          3.336     4.777    rst_btn_IBUF
    SLICE_X31Y20         LUT2 (Prop_lut2_I0_O)        0.124     4.901 r  refresh_cnt[0]_i_1/O
                         net (fo=17, routed)          0.512     5.413    refresh_cnt[0]_i_1_n_0
    SLICE_X30Y19         FDRE                                         r  refresh_cnt_reg[4]/R
  -------------------------------------------------------------------    -------------------

                         (clock sys_clk_pin rise edge)
                                                      0.000     0.000 r  
    W5                                                0.000     0.000 r  clk (IN)
                         net (fo=0)                   0.000     0.000    clk
    W5                   IBUF (Prop_ibuf_I_O)         1.388     1.388 r  clk_IBUF_inst/O
                         net (fo=1, routed)           1.862     3.250    clk_IBUF
    BUFGCTRL_X0Y0        BUFG (Prop_bufg_I_O)         0.091     3.341 r  clk_IBUF_BUFG_inst/O
                         net (fo=125, routed)         1.434     4.775    clk_IBUF_BUFG
    SLICE_X30Y19         FDRE                                         r  refresh_cnt_reg[4]/C

Slack:                    inf
  Source:                 rst_btn
                            (input port)
  Destination:            refresh_cnt_reg[5]/R
                            (rising edge-triggered cell FDRE clocked by sys_clk_pin  {rise@0.000ns fall@5.000ns period=10.000ns})
  Path Group:             (none)
  Path Type:              Setup (Max at Slow Process Corner)
  Data Path Delay:        5.413ns  (logic 1.565ns (28.916%)  route 3.848ns (71.084%))
  Logic Levels:           2  (IBUF=1 LUT2=1)
  Clock Path Skew:        4.775ns (DCD - SCD + CPR)
    Destination Clock Delay (DCD):    4.775ns
    Source Clock Delay      (SCD):    0.000ns
    Clock Pessimism Removal (CPR):    0.000ns
  Clock Uncertainty:      0.025ns  ((TSJ^2 + TIJ^2)^1/2 + DJ) / 2 + PE
    Total System Jitter     (TSJ):    0.050ns
    Total Input Jitter      (TIJ):    0.000ns
    Discrete Jitter          (DJ):    0.000ns
    Phase Error              (PE):    0.000ns

    Location             Delay type                Incr(ns)  Path(ns)    Netlist Resource(s)
  -------------------------------------------------------------------    -------------------
    U18                                               0.000     0.000 r  rst_btn (IN)
                         net (fo=0)                   0.000     0.000    rst_btn
    U18                  IBUF (Prop_ibuf_I_O)         1.441     1.441 r  rst_btn_IBUF_inst/O
                         net (fo=84, routed)          3.336     4.777    rst_btn_IBUF
    SLICE_X31Y20         LUT2 (Prop_lut2_I0_O)        0.124     4.901 r  refresh_cnt[0]_i_1/O
                         net (fo=17, routed)          0.512     5.413    refresh_cnt[0]_i_1_n_0
    SLICE_X30Y19         FDRE                                         r  refresh_cnt_reg[5]/R
  -------------------------------------------------------------------    -------------------

                         (clock sys_clk_pin rise edge)
                                                      0.000     0.000 r  
    W5                                                0.000     0.000 r  clk (IN)
                         net (fo=0)                   0.000     0.000    clk
    W5                   IBUF (Prop_ibuf_I_O)         1.388     1.388 r  clk_IBUF_inst/O
                         net (fo=1, routed)           1.862     3.250    clk_IBUF
    BUFGCTRL_X0Y0        BUFG (Prop_bufg_I_O)         0.091     3.341 r  clk_IBUF_BUFG_inst/O
                         net (fo=125, routed)         1.434     4.775    clk_IBUF_BUFG
    SLICE_X30Y19         FDRE                                         r  refresh_cnt_reg[5]/C





Min Delay Paths
--------------------------------------------------------------------------------------
Slack:                    inf
  Source:                 rst_btn
                            (input port)
  Destination:            cpu0/rf0/regs_reg[1][1]/CLR
                            (removal check against rising-edge clock sys_clk_pin  {rise@0.000ns fall@5.000ns period=10.000ns})
  Path Group:             (none)
  Path Type:              Removal (Min at Fast Process Corner)
  Data Path Delay:        0.936ns  (logic 0.210ns (22.374%)  route 0.727ns (77.626%))
  Logic Levels:           1  (IBUF=1)
  Clock Path Skew:        1.977ns (DCD - SCD - CPR)
    Destination Clock Delay (DCD):    1.977ns
    Source Clock Delay      (SCD):    0.000ns
    Clock Pessimism Removal (CPR):    -0.000ns

    Location             Delay type                Incr(ns)  Path(ns)    Netlist Resource(s)
  -------------------------------------------------------------------    -------------------
    U18                                               0.000     0.000 f  rst_btn (IN)
                         net (fo=0)                   0.000     0.000    rst_btn
    U18                  IBUF (Prop_ibuf_I_O)         0.210     0.210 f  rst_btn_IBUF_inst/O
                         net (fo=84, routed)          0.727     0.936    cpu0/rf0/rst_btn_IBUF
    SLICE_X1Y25          FDCE                                         f  cpu0/rf0/regs_reg[1][1]/CLR
  -------------------------------------------------------------------    -------------------

                         (clock sys_clk_pin rise edge)
                                                      0.000     0.000 r  
    W5                                                0.000     0.000 r  clk (IN)
                         net (fo=0)                   0.000     0.000    clk
    W5                   IBUF (Prop_ibuf_I_O)         0.414     0.414 r  clk_IBUF_inst/O
                         net (fo=1, routed)           0.685     1.099    clk_IBUF
    BUFGCTRL_X0Y0        BUFG (Prop_bufg_I_O)         0.029     1.128 r  clk_IBUF_BUFG_inst/O
                         net (fo=125, routed)         0.850     1.977    cpu0/rf0/CLK
    SLICE_X1Y25          FDCE                                         r  cpu0/rf0/regs_reg[1][1]/C

Slack:                    inf
  Source:                 rst_btn
                            (input port)
  Destination:            cpu0/rf0/regs_reg[1][2]/CLR
                            (removal check against rising-edge clock sys_clk_pin  {rise@0.000ns fall@5.000ns period=10.000ns})
  Path Group:             (none)
  Path Type:              Removal (Min at Fast Process Corner)
  Data Path Delay:        0.936ns  (logic 0.210ns (22.374%)  route 0.727ns (77.626%))
  Logic Levels:           1  (IBUF=1)
  Clock Path Skew:        1.977ns (DCD - SCD - CPR)
    Destination Clock Delay (DCD):    1.977ns
    Source Clock Delay      (SCD):    0.000ns
    Clock Pessimism Removal (CPR):    -0.000ns

    Location             Delay type                Incr(ns)  Path(ns)    Netlist Resource(s)
  -------------------------------------------------------------------    -------------------
    U18                                               0.000     0.000 f  rst_btn (IN)
                         net (fo=0)                   0.000     0.000    rst_btn
    U18                  IBUF (Prop_ibuf_I_O)         0.210     0.210 f  rst_btn_IBUF_inst/O
                         net (fo=84, routed)          0.727     0.936    cpu0/rf0/rst_btn_IBUF
    SLICE_X1Y25          FDCE                                         f  cpu0/rf0/regs_reg[1][2]/CLR
  -------------------------------------------------------------------    -------------------

                         (clock sys_clk_pin rise edge)
                                                      0.000     0.000 r  
    W5                                                0.000     0.000 r  clk (IN)
                         net (fo=0)                   0.000     0.000    clk
    W5                   IBUF (Prop_ibuf_I_O)         0.414     0.414 r  clk_IBUF_inst/O
                         net (fo=1, routed)           0.685     1.099    clk_IBUF
    BUFGCTRL_X0Y0        BUFG (Prop_bufg_I_O)         0.029     1.128 r  clk_IBUF_BUFG_inst/O
                         net (fo=125, routed)         0.850     1.977    cpu0/rf0/CLK
    SLICE_X1Y25          FDCE                                         r  cpu0/rf0/regs_reg[1][2]/C

Slack:                    inf
  Source:                 rst_btn
                            (input port)
  Destination:            cpu0/rf0/regs_reg[1][0]/CLR
                            (removal check against rising-edge clock sys_clk_pin  {rise@0.000ns fall@5.000ns period=10.000ns})
  Path Group:             (none)
  Path Type:              Removal (Min at Fast Process Corner)
  Data Path Delay:        0.960ns  (logic 0.210ns (21.830%)  route 0.750ns (78.170%))
  Logic Levels:           1  (IBUF=1)
  Clock Path Skew:        1.977ns (DCD - SCD - CPR)
    Destination Clock Delay (DCD):    1.977ns
    Source Clock Delay      (SCD):    0.000ns
    Clock Pessimism Removal (CPR):    -0.000ns

    Location             Delay type                Incr(ns)  Path(ns)    Netlist Resource(s)
  -------------------------------------------------------------------    -------------------
    U18                                               0.000     0.000 f  rst_btn (IN)
                         net (fo=0)                   0.000     0.000    rst_btn
    U18                  IBUF (Prop_ibuf_I_O)         0.210     0.210 f  rst_btn_IBUF_inst/O
                         net (fo=84, routed)          0.750     0.960    cpu0/rf0/rst_btn_IBUF
    SLICE_X3Y24          FDCE                                         f  cpu0/rf0/regs_reg[1][0]/CLR
  -------------------------------------------------------------------    -------------------

                         (clock sys_clk_pin rise edge)
                                                      0.000     0.000 r  
    W5                                                0.000     0.000 r  clk (IN)
                         net (fo=0)                   0.000     0.000    clk
    W5                   IBUF (Prop_ibuf_I_O)         0.414     0.414 r  clk_IBUF_inst/O
                         net (fo=1, routed)           0.685     1.099    clk_IBUF
    BUFGCTRL_X0Y0        BUFG (Prop_bufg_I_O)         0.029     1.128 r  clk_IBUF_BUFG_inst/O
                         net (fo=125, routed)         0.850     1.977    cpu0/rf0/CLK
    SLICE_X3Y24          FDCE                                         r  cpu0/rf0/regs_reg[1][0]/C

Slack:                    inf
  Source:                 rst_btn
                            (input port)
  Destination:            cpu0/rf0/regs_reg[1][3]/CLR
                            (removal check against rising-edge clock sys_clk_pin  {rise@0.000ns fall@5.000ns period=10.000ns})
  Path Group:             (none)
  Path Type:              Removal (Min at Fast Process Corner)
  Data Path Delay:        0.960ns  (logic 0.210ns (21.830%)  route 0.750ns (78.170%))
  Logic Levels:           1  (IBUF=1)
  Clock Path Skew:        1.977ns (DCD - SCD - CPR)
    Destination Clock Delay (DCD):    1.977ns
    Source Clock Delay      (SCD):    0.000ns
    Clock Pessimism Removal (CPR):    -0.000ns

    Location             Delay type                Incr(ns)  Path(ns)    Netlist Resource(s)
  -------------------------------------------------------------------    -------------------
    U18                                               0.000     0.000 f  rst_btn (IN)
                         net (fo=0)                   0.000     0.000    rst_btn
    U18                  IBUF (Prop_ibuf_I_O)         0.210     0.210 f  rst_btn_IBUF_inst/O
                         net (fo=84, routed)          0.750     0.960    cpu0/rf0/rst_btn_IBUF
    SLICE_X3Y24          FDCE                                         f  cpu0/rf0/regs_reg[1][3]/CLR
  -------------------------------------------------------------------    -------------------

                         (clock sys_clk_pin rise edge)
                                                      0.000     0.000 r  
    W5                                                0.000     0.000 r  clk (IN)
                         net (fo=0)                   0.000     0.000    clk
    W5                   IBUF (Prop_ibuf_I_O)         0.414     0.414 r  clk_IBUF_inst/O
                         net (fo=1, routed)           0.685     1.099    clk_IBUF
    BUFGCTRL_X0Y0        BUFG (Prop_bufg_I_O)         0.029     1.128 r  clk_IBUF_BUFG_inst/O
                         net (fo=125, routed)         0.850     1.977    cpu0/rf0/CLK
    SLICE_X3Y24          FDCE                                         r  cpu0/rf0/regs_reg[1][3]/C

Slack:                    inf
  Source:                 rst_btn
                            (input port)
  Destination:            cpu0/rf0/regs_reg[7][0]/CLR
                            (removal check against rising-edge clock sys_clk_pin  {rise@0.000ns fall@5.000ns period=10.000ns})
  Path Group:             (none)
  Path Type:              Removal (Min at Fast Process Corner)
  Data Path Delay:        0.960ns  (logic 0.210ns (21.830%)  route 0.750ns (78.170%))
  Logic Levels:           1  (IBUF=1)
  Clock Path Skew:        1.977ns (DCD - SCD - CPR)
    Destination Clock Delay (DCD):    1.977ns
    Source Clock Delay      (SCD):    0.000ns
    Clock Pessimism Removal (CPR):    -0.000ns

    Location             Delay type                Incr(ns)  Path(ns)    Netlist Resource(s)
  -------------------------------------------------------------------    -------------------
    U18                                               0.000     0.000 f  rst_btn (IN)
                         net (fo=0)                   0.000     0.000    rst_btn
    U18                  IBUF (Prop_ibuf_I_O)         0.210     0.210 f  rst_btn_IBUF_inst/O
                         net (fo=84, routed)          0.750     0.960    cpu0/rf0/rst_btn_IBUF
    SLICE_X2Y24          FDCE                                         f  cpu0/rf0/regs_reg[7][0]/CLR
  -------------------------------------------------------------------    -------------------

                         (clock sys_clk_pin rise edge)
                                                      0.000     0.000 r  
    W5                                                0.000     0.000 r  clk (IN)
                         net (fo=0)                   0.000     0.000    clk
    W5                   IBUF (Prop_ibuf_I_O)         0.414     0.414 r  clk_IBUF_inst/O
                         net (fo=1, routed)           0.685     1.099    clk_IBUF
    BUFGCTRL_X0Y0        BUFG (Prop_bufg_I_O)         0.029     1.128 r  clk_IBUF_BUFG_inst/O
                         net (fo=125, routed)         0.850     1.977    cpu0/rf0/CLK
    SLICE_X2Y24          FDCE                                         r  cpu0/rf0/regs_reg[7][0]/C

Slack:                    inf
  Source:                 rst_btn
                            (input port)
  Destination:            cpu0/rf0/regs_reg[7][1]/CLR
                            (removal check against rising-edge clock sys_clk_pin  {rise@0.000ns fall@5.000ns period=10.000ns})
  Path Group:             (none)
  Path Type:              Removal (Min at Fast Process Corner)
  Data Path Delay:        0.960ns  (logic 0.210ns (21.830%)  route 0.750ns (78.170%))
  Logic Levels:           1  (IBUF=1)
  Clock Path Skew:        1.977ns (DCD - SCD - CPR)
    Destination Clock Delay (DCD):    1.977ns
    Source Clock Delay      (SCD):    0.000ns
    Clock Pessimism Removal (CPR):    -0.000ns

    Location             Delay type                Incr(ns)  Path(ns)    Netlist Resource(s)
  -------------------------------------------------------------------    -------------------
    U18                                               0.000     0.000 f  rst_btn (IN)
                         net (fo=0)                   0.000     0.000    rst_btn
    U18                  IBUF (Prop_ibuf_I_O)         0.210     0.210 f  rst_btn_IBUF_inst/O
                         net (fo=84, routed)          0.750     0.960    cpu0/rf0/rst_btn_IBUF
    SLICE_X2Y24          FDCE                                         f  cpu0/rf0/regs_reg[7][1]/CLR
  -------------------------------------------------------------------    -------------------

                         (clock sys_clk_pin rise edge)
                                                      0.000     0.000 r  
    W5                                                0.000     0.000 r  clk (IN)
                         net (fo=0)                   0.000     0.000    clk
    W5                   IBUF (Prop_ibuf_I_O)         0.414     0.414 r  clk_IBUF_inst/O
                         net (fo=1, routed)           0.685     1.099    clk_IBUF
    BUFGCTRL_X0Y0        BUFG (Prop_bufg_I_O)         0.029     1.128 r  clk_IBUF_BUFG_inst/O
                         net (fo=125, routed)         0.850     1.977    cpu0/rf0/CLK
    SLICE_X2Y24          FDCE                                         r  cpu0/rf0/regs_reg[7][1]/C

Slack:                    inf
  Source:                 rst_btn
                            (input port)
  Destination:            cpu0/rf0/regs_reg[7][2]/CLR
                            (removal check against rising-edge clock sys_clk_pin  {rise@0.000ns fall@5.000ns period=10.000ns})
  Path Group:             (none)
  Path Type:              Removal (Min at Fast Process Corner)
  Data Path Delay:        0.960ns  (logic 0.210ns (21.830%)  route 0.750ns (78.170%))
  Logic Levels:           1  (IBUF=1)
  Clock Path Skew:        1.977ns (DCD - SCD - CPR)
    Destination Clock Delay (DCD):    1.977ns
    Source Clock Delay      (SCD):    0.000ns
    Clock Pessimism Removal (CPR):    -0.000ns

    Location             Delay type                Incr(ns)  Path(ns)    Netlist Resource(s)
  -------------------------------------------------------------------    -------------------
    U18                                               0.000     0.000 f  rst_btn (IN)
                         net (fo=0)                   0.000     0.000    rst_btn
    U18                  IBUF (Prop_ibuf_I_O)         0.210     0.210 f  rst_btn_IBUF_inst/O
                         net (fo=84, routed)          0.750     0.960    cpu0/rf0/rst_btn_IBUF
    SLICE_X2Y24          FDCE                                         f  cpu0/rf0/regs_reg[7][2]/CLR
  -------------------------------------------------------------------    -------------------

                         (clock sys_clk_pin rise edge)
                                                      0.000     0.000 r  
    W5                                                0.000     0.000 r  clk (IN)
                         net (fo=0)                   0.000     0.000    clk
    W5                   IBUF (Prop_ibuf_I_O)         0.414     0.414 r  clk_IBUF_inst/O
                         net (fo=1, routed)           0.685     1.099    clk_IBUF
    BUFGCTRL_X0Y0        BUFG (Prop_bufg_I_O)         0.029     1.128 r  clk_IBUF_BUFG_inst/O
                         net (fo=125, routed)         0.850     1.977    cpu0/rf0/CLK
    SLICE_X2Y24          FDCE                                         r  cpu0/rf0/regs_reg[7][2]/C

Slack:                    inf
  Source:                 rst_btn
                            (input port)
  Destination:            cpu0/rf0/regs_reg[7][3]/CLR
                            (removal check against rising-edge clock sys_clk_pin  {rise@0.000ns fall@5.000ns period=10.000ns})
  Path Group:             (none)
  Path Type:              Removal (Min at Fast Process Corner)
  Data Path Delay:        0.960ns  (logic 0.210ns (21.830%)  route 0.750ns (78.170%))
  Logic Levels:           1  (IBUF=1)
  Clock Path Skew:        1.977ns (DCD - SCD - CPR)
    Destination Clock Delay (DCD):    1.977ns
    Source Clock Delay      (SCD):    0.000ns
    Clock Pessimism Removal (CPR):    -0.000ns

    Location             Delay type                Incr(ns)  Path(ns)    Netlist Resource(s)
  -------------------------------------------------------------------    -------------------
    U18                                               0.000     0.000 f  rst_btn (IN)
                         net (fo=0)                   0.000     0.000    rst_btn
    U18                  IBUF (Prop_ibuf_I_O)         0.210     0.210 f  rst_btn_IBUF_inst/O
                         net (fo=84, routed)          0.750     0.960    cpu0/rf0/rst_btn_IBUF
    SLICE_X2Y24          FDCE                                         f  cpu0/rf0/regs_reg[7][3]/CLR
  -------------------------------------------------------------------    -------------------

                         (clock sys_clk_pin rise edge)
                                                      0.000     0.000 r  
    W5                                                0.000     0.000 r  clk (IN)
                         net (fo=0)                   0.000     0.000    clk
    W5                   IBUF (Prop_ibuf_I_O)         0.414     0.414 r  clk_IBUF_inst/O
                         net (fo=1, routed)           0.685     1.099    clk_IBUF
    BUFGCTRL_X0Y0        BUFG (Prop_bufg_I_O)         0.029     1.128 r  clk_IBUF_BUFG_inst/O
                         net (fo=125, routed)         0.850     1.977    cpu0/rf0/CLK
    SLICE_X2Y24          FDCE                                         r  cpu0/rf0/regs_reg[7][3]/C

Slack:                    inf
  Source:                 rst_btn
                            (input port)
  Destination:            cpu0/rf0/regs_reg[3][0]/CLR
                            (removal check against rising-edge clock sys_clk_pin  {rise@0.000ns fall@5.000ns period=10.000ns})
  Path Group:             (none)
  Path Type:              Removal (Min at Fast Process Corner)
  Data Path Delay:        0.964ns  (logic 0.210ns (21.741%)  route 0.754ns (78.259%))
  Logic Levels:           1  (IBUF=1)
  Clock Path Skew:        1.977ns (DCD - SCD - CPR)
    Destination Clock Delay (DCD):    1.977ns
    Source Clock Delay      (SCD):    0.000ns
    Clock Pessimism Removal (CPR):    -0.000ns

    Location             Delay type                Incr(ns)  Path(ns)    Netlist Resource(s)
  -------------------------------------------------------------------    -------------------
    U18                                               0.000     0.000 f  rst_btn (IN)
                         net (fo=0)                   0.000     0.000    rst_btn
    U18                  IBUF (Prop_ibuf_I_O)         0.210     0.210 f  rst_btn_IBUF_inst/O
                         net (fo=84, routed)          0.754     0.964    cpu0/rf0/rst_btn_IBUF
    SLICE_X1Y24          FDCE                                         f  cpu0/rf0/regs_reg[3][0]/CLR
  -------------------------------------------------------------------    -------------------

                         (clock sys_clk_pin rise edge)
                                                      0.000     0.000 r  
    W5                                                0.000     0.000 r  clk (IN)
                         net (fo=0)                   0.000     0.000    clk
    W5                   IBUF (Prop_ibuf_I_O)         0.414     0.414 r  clk_IBUF_inst/O
                         net (fo=1, routed)           0.685     1.099    clk_IBUF
    BUFGCTRL_X0Y0        BUFG (Prop_bufg_I_O)         0.029     1.128 r  clk_IBUF_BUFG_inst/O
                         net (fo=125, routed)         0.850     1.977    cpu0/rf0/CLK
    SLICE_X1Y24          FDCE                                         r  cpu0/rf0/regs_reg[3][0]/C

Slack:                    inf
  Source:                 rst_btn
                            (input port)
  Destination:            cpu0/rf0/regs_reg[3][1]/CLR
                            (removal check against rising-edge clock sys_clk_pin  {rise@0.000ns fall@5.000ns period=10.000ns})
  Path Group:             (none)
  Path Type:              Removal (Min at Fast Process Corner)
  Data Path Delay:        0.964ns  (logic 0.210ns (21.741%)  route 0.754ns (78.259%))
  Logic Levels:           1  (IBUF=1)
  Clock Path Skew:        1.977ns (DCD - SCD - CPR)
    Destination Clock Delay (DCD):    1.977ns
    Source Clock Delay      (SCD):    0.000ns
    Clock Pessimism Removal (CPR):    -0.000ns

    Location             Delay type                Incr(ns)  Path(ns)    Netlist Resource(s)
  -------------------------------------------------------------------    -------------------
    U18                                               0.000     0.000 f  rst_btn (IN)
                         net (fo=0)                   0.000     0.000    rst_btn
    U18                  IBUF (Prop_ibuf_I_O)         0.210     0.210 f  rst_btn_IBUF_inst/O
                         net (fo=84, routed)          0.754     0.964    cpu0/rf0/rst_btn_IBUF
    SLICE_X1Y24          FDCE                                         f  cpu0/rf0/regs_reg[3][1]/CLR
  -------------------------------------------------------------------    -------------------

                         (clock sys_clk_pin rise edge)
                                                      0.000     0.000 r  
    W5                                                0.000     0.000 r  clk (IN)
                         net (fo=0)                   0.000     0.000    clk
    W5                   IBUF (Prop_ibuf_I_O)         0.414     0.414 r  clk_IBUF_inst/O
                         net (fo=1, routed)           0.685     1.099    clk_IBUF
    BUFGCTRL_X0Y0        BUFG (Prop_bufg_I_O)         0.029     1.128 r  clk_IBUF_BUFG_inst/O
                         net (fo=125, routed)         0.850     1.977    cpu0/rf0/CLK
    SLICE_X1Y24          FDCE                                         r  cpu0/rf0/regs_reg[3][1]/C





